[
    {
        "annotations": [
            {
                "class": "rect",
                "height": 73.3200000000001,
                "width": 238.29000000000042,
                "x": 382.1100000000007,
                "y": 423.0000000000008
            }
        ],
        "class": "image",
        "filename": "img_07898.jpg"
    },
    {
        "annotations": [
            {
                "class": "rect",
                "height": 204.4500000000004,
                "width": 283.4100000000006,
                "x": 427.23000000000076,
                "y": 424.41000000000076
            }
        ],
        "class": "image",
        "filename": "img_07728.jpg"
    },
    {
        "annotations": [
            {
                "class": "rect",
                "height": 66.2700000000001,
                "width": 210.09000000000043,
                "x": 413.13000000000073,
                "y": 418.7700000000008
            }
        ],
        "class": "image",
        "filename": "img_07693.jpg"
    },
    {
        "annotations": [
            {
                "class": "rect",
                "height": 153.69000000000028,
                "width": 63.450000000000045,
                "x": 716.2800000000013,
                "y": 300.33000000000055
            }
        ],
        "class": "image",
        "filename": "img_07643.jpg"
    },
    {
        "annotations": [
            {
                "class": "rect",
                "height": 69.09000000000015,
                "width": 219.96000000000038,
                "x": 246.75000000000045,
                "y": 446.9700000000008
            }
        ],
        "class": "image",
        "filename": "img_07557.jpg"
    },
    {
        "annotations": [
            {
                "class": "rect",
                "height": 102.93000000000018,
                "width": 135.36000000000024,
                "x": 225.60000000000042,
                "y": 277.7700000000005
            }
        ],
        "class": "image",
        "filename": "img_07302.jpg"
    },
    {
        "annotations": [
            {
                "class": "rect",
                "height": 91.6500000000002,
                "width": 406.0800000000007,
                "x": 74.73000000000013,
                "y": 782.5500000000014
            },
            {
                "class": "rect",
                "height": 150.87000000000035,
                "width": 579.510000000001,
                "x": 301.7400000000006,
                "y": 783.9600000000014
            },
            {
                "class": "rect",
                "height": 153.69000000000028,
                "width": 500.55000000000086,
                "x": 541.440000000001,
                "y": 644.3700000000011
            },
            {
                "class": "rect",
                "height": 67.68000000000018,
                "width": 540.0300000000011,
                "x": 83.19000000000015,
                "y": 903.8100000000017
            }
        ],
        "class": "image",
        "filename": "img_07265.jpg"
    },
    {
        "annotations": [
            {
                "class": "rect",
                "height": 169.2000000000003,
                "width": 169.20000000000027,
                "x": 1112.490000000002,
                "y": 108.57000000000019
            }
        ],
        "class": "image",
        "filename": "img_07212.jpg"
    },
    {
        "annotations": [
            {
                "class": "rect",
                "height": 66.2700000000001,
                "width": 242.52000000000044,
                "x": 335.5800000000006,
                "y": 414.54000000000076
            }
        ],
        "class": "image",
        "filename": "img_06952.jpg"
    },
    {
        "annotations": [],
        "class": "image",
        "filename": "img_06773.jpg"
    },
    {
        "annotations": [
            {
                "class": "rect",
                "height": 95.88000000000022,
                "width": 232.65000000000043,
                "x": 390.57000000000073,
                "y": 413.13000000000073
            }
        ],
        "class": "image",
        "filename": "img_06768.jpg"
    },
    {
        "annotations": [
            {
                "class": "rect",
                "height": 84.60000000000014,
                "width": 232.65000000000043,
                "x": 390.57000000000073,
                "y": 411.72000000000077
            }
        ],
        "class": "image",
        "filename": "img_06671.jpg"
    },
    {
        "annotations": [
            {
                "class": "rect",
                "height": 80.37000000000018,
                "width": 242.5200000000005,
                "x": 356.73000000000064,
                "y": 417.36000000000075
            }
        ],
        "class": "image",
        "filename": "img_06644.jpg"
    },
    {
        "annotations": [
            {
                "class": "rect",
                "height": 112.80000000000024,
                "width": 235.47000000000043,
                "x": 379.2900000000007,
                "y": 396.2100000000007
            }
        ],
        "class": "image",
        "filename": "img_06579.jpg"
    },
    {
        "annotations": [
            {
                "class": "rect",
                "height": 97.29000000000019,
                "width": 225.60000000000036,
                "x": 311.6100000000006,
                "y": 411.72000000000077
            }
        ],
        "class": "image",
        "filename": "img_06442.jpg"
    },
    {
        "annotations": [
            {
                "class": "rect",
                "height": 135.3600000000003,
                "width": 145.23000000000025,
                "x": 434.28000000000077,
                "y": 389.1600000000007
            }
        ],
        "class": "image",
        "filename": "img_06334.jpg"
    },
    {
        "annotations": [
            {
                "class": "rect",
                "height": 177.6600000000003,
                "width": 198.81000000000034,
                "x": 444.15000000000083,
                "y": 542.850000000001
            }
        ],
        "class": "image",
        "filename": "img_06299.jpg"
    },
    {
        "annotations": [
            {
                "class": "rect",
                "height": 108.57000000000022,
                "width": 218.5500000000004,
                "x": 404.67000000000075,
                "y": 396.2100000000007
            }
        ],
        "class": "image",
        "filename": "img_06297.jpg"
    },
    {
        "annotations": [
            {
                "class": "rect",
                "height": 145.23000000000025,
                "width": 362.3700000000007,
                "x": 204.4500000000004,
                "y": 335.5800000000006
            }
        ],
        "class": "image",
        "filename": "img_06284.jpg"
    },
    {
        "annotations": [
            {
                "class": "rect",
                "height": 98.70000000000016,
                "width": 229.83000000000038,
                "x": 311.6100000000006,
                "y": 411.72000000000077
            }
        ],
        "class": "image",
        "filename": "img_06244.jpg"
    },
    {
        "annotations": [
            {
                "class": "rect",
                "height": 60.63000000000005,
                "width": 194.58000000000027,
                "x": 338.40000000000066,
                "y": 415.9500000000008
            }
        ],
        "class": "image",
        "filename": "img_06209.jpg"
    },
    {
        "annotations": [
            {
                "class": "rect",
                "height": 217.1400000000004,
                "width": 76.1400000000001,
                "x": 720.5100000000014,
                "y": 236.88000000000042
            }
        ],
        "class": "image",
        "filename": "img_06204.jpg"
    },
    {
        "annotations": [
            {
                "class": "rect",
                "height": 97.29000000000013,
                "width": 88.83000000000015,
                "x": 695.1300000000012,
                "y": 276.3600000000005
            }
        ],
        "class": "image",
        "filename": "img_06117.jpg"
    },
    {
        "annotations": [
            {
                "class": "rect",
                "height": 131.13000000000022,
                "width": 331.35000000000065,
                "x": 207.27000000000038,
                "y": 353.91000000000065
            }
        ],
        "class": "image",
        "filename": "img_06012.jpg"
    },
    {
        "annotations": [
            {
                "class": "rect",
                "height": 102.93000000000018,
                "width": 224.19000000000045,
                "x": 397.62000000000074,
                "y": 404.67000000000075
            }
        ],
        "class": "image",
        "filename": "img_05971.jpg"
    },
    {
        "annotations": [
            {
                "class": "rect",
                "height": 205.8600000000004,
                "width": 128.3100000000003,
                "x": 700.7700000000012,
                "y": 256.62000000000046
            }
        ],
        "class": "image",
        "filename": "img_05934.jpg"
    },
    {
        "annotations": [
            {
                "class": "rect",
                "height": 104.3400000000002,
                "width": 225.60000000000036,
                "x": 321.4800000000006,
                "y": 411.72000000000077
            }
        ],
        "class": "image",
        "filename": "img_05923.jpg"
    },
    {
        "annotations": [
            {
                "class": "rect",
                "height": 163.5600000000003,
                "width": 380.7000000000007,
                "x": 234.06000000000043,
                "y": 289.0500000000005
            }
        ],
        "class": "image",
        "filename": "img_05894.jpg"
    },
    {
        "annotations": [
            {
                "class": "rect",
                "height": 83.19000000000017,
                "width": 243.93000000000046,
                "x": 365.1900000000007,
                "y": 417.36000000000075
            }
        ],
        "class": "image",
        "filename": "img_05782.jpg"
    },
    {
        "annotations": [
            {
                "class": "rect",
                "height": 117.03000000000014,
                "width": 232.65000000000043,
                "x": 372.2400000000007,
                "y": 397.62000000000074
            }
        ],
        "class": "image",
        "filename": "img_05635.jpg"
    },
    {
        "annotations": [
            {
                "class": "rect",
                "height": 128.31000000000023,
                "width": 304.5600000000005,
                "x": 423.0000000000008,
                "y": 403.26000000000073
            }
        ],
        "class": "image",
        "filename": "img_05571.jpg"
    },
    {
        "annotations": [
            {
                "class": "rect",
                "height": 90.24000000000018,
                "width": 81.7800000000002,
                "x": 700.7700000000012,
                "y": 286.23000000000053
            }
        ],
        "class": "image",
        "filename": "img_05557.jpg"
    },
    {
        "annotations": [
            {
                "class": "rect",
                "height": 139.59000000000026,
                "width": 428.6400000000008,
                "x": 227.01000000000042,
                "y": 313.02000000000055
            }
        ],
        "class": "image",
        "filename": "img_05521.jpg"
    },
    {
        "annotations": [
            {
                "class": "rect",
                "height": 86.01000000000016,
                "width": 210.09000000000037,
                "x": 410.31000000000074,
                "y": 410.31000000000074
            }
        ],
        "class": "image",
        "filename": "img_05485.jpg"
    },
    {
        "annotations": [
            {
                "class": "rect",
                "height": 98.70000000000022,
                "width": 224.1900000000004,
                "x": 289.0500000000005,
                "y": 410.31000000000074
            }
        ],
        "class": "image",
        "filename": "img_05462.jpg"
    },
    {
        "annotations": [
            {
                "class": "rect",
                "height": 241.11000000000047,
                "width": 448.3800000000008,
                "x": 483.6300000000009,
                "y": 578.100000000001
            },
            {
                "class": "rect",
                "height": 188.9400000000004,
                "width": 573.870000000001,
                "x": 298.9200000000005,
                "y": 745.8900000000014
            },
            {
                "class": "rect",
                "height": 98.70000000000016,
                "width": 418.7700000000008,
                "x": 70.50000000000013,
                "y": 775.5000000000015
            },
            {
                "class": "rect",
                "height": 69.09000000000015,
                "width": 545.670000000001,
                "x": 87.42000000000016,
                "y": 902.4000000000017
            }
        ],
        "class": "image",
        "filename": "img_05446.jpg"
    },
    {
        "annotations": [],
        "class": "image",
        "filename": "img_05444.jpg"
    },
    {
        "annotations": [
            {
                "class": "rect",
                "height": 173.43000000000035,
                "width": 227.01000000000045,
                "x": 579.5100000000012,
                "y": 494.91000000000105
            }
        ],
        "class": "image",
        "filename": "img_05420.jpg"
    },
    {
        "annotations": [
            {
                "class": "rect",
                "height": 93.06000000000023,
                "width": 84.60000000000014,
                "x": 699.3600000000015,
                "y": 280.5900000000006
            }
        ],
        "class": "image",
        "filename": "img_05367.jpg"
    },
    {
        "annotations": [
            {
                "class": "rect",
                "height": 81.7800000000002,
                "width": 211.50000000000045,
                "x": 341.2200000000007,
                "y": 404.67000000000087
            }
        ],
        "class": "image",
        "filename": "img_05294.jpg"
    },
    {
        "annotations": [
            {
                "class": "rect",
                "height": 128.31000000000023,
                "width": 219.96000000000052,
                "x": 179.07000000000036,
                "y": 348.2700000000007
            }
        ],
        "class": "image",
        "filename": "img_05165.jpg"
    },
    {
        "annotations": [
            {
                "class": "rect",
                "height": 94.4700000000002,
                "width": 217.1400000000005,
                "x": 407.49000000000086,
                "y": 406.0800000000009
            }
        ],
        "class": "image",
        "filename": "img_05054.jpg"
    },
    {
        "annotations": [
            {
                "class": "rect",
                "height": 141.00000000000034,
                "width": 126.90000000000032,
                "x": 286.2300000000006,
                "y": 279.1800000000006
            }
        ],
        "class": "image",
        "filename": "img_04927.jpg"
    },
    {
        "annotations": [
            {
                "class": "rect",
                "height": 167.79000000000036,
                "width": 93.06000000000017,
                "x": 717.6900000000015,
                "y": 279.1800000000006
            }
        ],
        "class": "image",
        "filename": "img_04824.jpg"
    },
    {
        "annotations": [
            {
                "class": "rect",
                "height": 80.37000000000012,
                "width": 210.09000000000043,
                "x": 259.44000000000057,
                "y": 445.56000000000097
            }
        ],
        "class": "image",
        "filename": "img_04760.jpg"
    },
    {
        "annotations": [
            {
                "class": "rect",
                "height": 102.93000000000018,
                "width": 235.47000000000048,
                "x": 459.660000000001,
                "y": 437.10000000000093
            }
        ],
        "class": "image",
        "filename": "img_04743.jpg"
    },
    {
        "annotations": [
            {
                "class": "rect",
                "height": 169.20000000000033,
                "width": 227.01000000000045,
                "x": 555.5400000000012,
                "y": 479.40000000000106
            }
        ],
        "class": "image",
        "filename": "img_04676.jpg"
    },
    {
        "annotations": [
            {
                "class": "rect",
                "height": 108.57000000000028,
                "width": 243.93000000000052,
                "x": 380.70000000000084,
                "y": 403.26000000000084
            }
        ],
        "class": "image",
        "filename": "img_04614.jpg"
    },
    {
        "annotations": [
            {
                "class": "rect",
                "height": 112.80000000000024,
                "width": 435.69000000000096,
                "x": 224.19000000000048,
                "y": 336.99000000000075
            }
        ],
        "class": "image",
        "filename": "img_04385.jpg"
    },
    {
        "annotations": [
            {
                "class": "rect",
                "height": 155.10000000000036,
                "width": 160.74000000000035,
                "x": 344.04000000000076,
                "y": 418.7700000000009
            }
        ],
        "class": "image",
        "filename": "img_04363.jpg"
    },
    {
        "annotations": [
            {
                "class": "rect",
                "height": 164.97000000000037,
                "width": 101.52000000000027,
                "x": 410.31000000000085,
                "y": 417.3600000000009
            }
        ],
        "class": "image",
        "filename": "img_04314.jpg"
    },
    {
        "annotations": [
            {
                "class": "rect",
                "height": 125.49000000000024,
                "width": 418.77000000000095,
                "x": 204.45000000000044,
                "y": 346.86000000000075
            }
        ],
        "class": "image",
        "filename": "img_04283.jpg"
    },
    {
        "annotations": [
            {
                "class": "rect",
                "height": 69.09000000000015,
                "width": 200.2200000000004,
                "x": 246.75000000000054,
                "y": 446.97000000000094
            }
        ],
        "class": "image",
        "filename": "img_03997.jpg"
    },
    {
        "annotations": [
            {
                "class": "rect",
                "height": 69.09000000000015,
                "width": 227.0100000000005,
                "x": 397.62000000000086,
                "y": 425.8200000000009
            }
        ],
        "class": "image",
        "filename": "img_03922.jpg"
    },
    {
        "annotations": [
            {
                "class": "rect",
                "height": 227.01000000000056,
                "width": 181.89000000000038,
                "x": 442.740000000001,
                "y": 396.21000000000083
            }
        ],
        "class": "image",
        "filename": "img_03843.jpg"
    },
    {
        "annotations": [
            {
                "class": "rect",
                "height": 77.55000000000018,
                "width": 238.29000000000048,
                "x": 379.2900000000008,
                "y": 423.0000000000009
            }
        ],
        "class": "image",
        "filename": "img_03727.jpg"
    },
    {
        "annotations": [
            {
                "class": "rect",
                "height": 184.71000000000038,
                "width": 143.82000000000033,
                "x": 397.62000000000086,
                "y": 313.02000000000066
            }
        ],
        "class": "image",
        "filename": "img_03689.jpg"
    },
    {
        "annotations": [
            {
                "class": "rect",
                "height": 84.60000000000014,
                "width": 232.6500000000005,
                "x": 310.20000000000067,
                "y": 417.3600000000009
            }
        ],
        "class": "image",
        "filename": "img_03546.jpg"
    },
    {
        "annotations": [
            {
                "class": "rect",
                "height": 211.50000000000045,
                "width": 138.1800000000003,
                "x": 359.55000000000075,
                "y": 313.02000000000066
            }
        ],
        "class": "image",
        "filename": "img_03409.jpg"
    },
    {
        "annotations": [
            {
                "class": "rect",
                "height": 100.11000000000018,
                "width": 219.9600000000005,
                "x": 359.55000000000075,
                "y": 415.9500000000009
            }
        ],
        "class": "image",
        "filename": "img_03296.jpg"
    },
    {
        "annotations": [
            {
                "class": "rect",
                "height": 183.3000000000004,
                "width": 272.13000000000056,
                "x": 217.14000000000047,
                "y": 324.3000000000007
            }
        ],
        "class": "image",
        "filename": "img_03259.jpg"
    },
    {
        "annotations": [
            {
                "class": "rect",
                "height": 104.34000000000026,
                "width": 245.34000000000052,
                "x": 177.6600000000004,
                "y": 345.4500000000007
            }
        ],
        "class": "image",
        "filename": "img_02953.jpg"
    },
    {
        "annotations": [
            {
                "class": "rect",
                "height": 239.7000000000005,
                "width": 146.64000000000033,
                "x": 376.4700000000008,
                "y": 303.15000000000066
            }
        ],
        "class": "image",
        "filename": "img_02937.jpg"
    },
    {
        "annotations": [
            {
                "class": "rect",
                "height": 133.95000000000033,
                "width": 228.42000000000047,
                "x": 172.02000000000038,
                "y": 329.9400000000007
            }
        ],
        "class": "image",
        "filename": "img_02936.jpg"
    },
    {
        "annotations": [
            {
                "class": "rect",
                "height": 66.27000000000015,
                "width": 219.96000000000043,
                "x": 406.0800000000009,
                "y": 418.7700000000009
            }
        ],
        "class": "image",
        "filename": "img_02926.jpg"
    },
    {
        "annotations": [
            {
                "class": "rect",
                "height": 136.77000000000027,
                "width": 277.77000000000055,
                "x": 217.14000000000047,
                "y": 317.2500000000007
            }
        ],
        "class": "image",
        "filename": "img_02910.jpg"
    },
    {
        "annotations": [
            {
                "class": "rect",
                "height": 148.0500000000003,
                "width": 180.48000000000036,
                "x": 455.430000000001,
                "y": 579.5100000000012
            }
        ],
        "class": "image",
        "filename": "img_02798.jpg"
    },
    {
        "annotations": [
            {
                "class": "rect",
                "height": 126.90000000000026,
                "width": 242.5200000000005,
                "x": 160.74000000000035,
                "y": 317.2500000000007
            }
        ],
        "class": "image",
        "filename": "img_02772.jpg"
    },
    {
        "annotations": [
            {
                "class": "rect",
                "height": 101.52000000000021,
                "width": 224.1900000000005,
                "x": 317.2500000000007,
                "y": 413.1300000000009
            }
        ],
        "class": "image",
        "filename": "img_02752.jpg"
    },
    {
        "annotations": [
            {
                "class": "rect",
                "height": 198.8100000000004,
                "width": 131.13000000000034,
                "x": 786.7800000000017,
                "y": 772.6800000000017
            }
        ],
        "class": "image",
        "filename": "img_02654.jpg"
    },
    {
        "annotations": [
            {
                "class": "rect",
                "height": 197.40000000000038,
                "width": 298.92000000000064,
                "x": 423.0000000000009,
                "y": 415.9500000000009
            }
        ],
        "class": "image",
        "filename": "img_02599.jpg"
    },
    {
        "annotations": [
            {
                "class": "rect",
                "height": 249.57000000000056,
                "width": 145.23000000000036,
                "x": 372.2400000000008,
                "y": 305.97000000000065
            }
        ],
        "class": "image",
        "filename": "img_02529.jpg"
    },
    {
        "annotations": [
            {
                "class": "rect",
                "height": 95.88000000000022,
                "width": 318.6600000000007,
                "x": 369.4200000000008,
                "y": 455.430000000001
            }
        ],
        "class": "image",
        "filename": "img_02475.jpg"
    },
    {
        "annotations": [
            {
                "class": "rect",
                "height": 121.26000000000028,
                "width": 274.9500000000006,
                "x": 167.79000000000036,
                "y": 298.92000000000064
            }
        ],
        "class": "image",
        "filename": "img_02474.jpg"
    },
    {
        "annotations": [
            {
                "class": "rect",
                "height": 98.70000000000022,
                "width": 101.52000000000024,
                "x": 205.86000000000044,
                "y": 365.1900000000008
            }
        ],
        "class": "image",
        "filename": "img_02440.jpg"
    },
    {
        "annotations": [
            {
                "class": "rect",
                "height": 108.57000000000022,
                "width": 227.01000000000045,
                "x": 463.890000000001,
                "y": 434.28000000000094
            }
        ],
        "class": "image",
        "filename": "img_02432.jpg"
    },
    {
        "annotations": [
            {
                "class": "rect",
                "height": 131.13000000000028,
                "width": 369.42000000000075,
                "x": 183.30000000000038,
                "y": 303.15000000000066
            }
        ],
        "class": "image",
        "filename": "img_02378.jpg"
    },
    {
        "annotations": [
            {
                "class": "rect",
                "height": 169.2000000000004,
                "width": 215.73000000000047,
                "x": 243.93000000000052,
                "y": 313.02000000000066
            }
        ],
        "class": "image",
        "filename": "img_02341.jpg"
    },
    {
        "annotations": [
            {
                "class": "rect",
                "height": 201.63000000000045,
                "width": 231.24000000000058,
                "x": 544.2600000000011,
                "y": 437.10000000000093
            }
        ],
        "class": "image",
        "filename": "img_02333.jpg"
    },
    {
        "annotations": [
            {
                "class": "rect",
                "height": 87.42000000000019,
                "width": 210.0900000000005,
                "x": 414.5400000000009,
                "y": 407.49000000000086
            }
        ],
        "class": "image",
        "filename": "img_02267.jpg"
    },
    {
        "annotations": [
            {
                "class": "rect",
                "height": 84.6000000000002,
                "width": 243.93000000000052,
                "x": 358.1400000000008,
                "y": 414.5400000000009
            }
        ],
        "class": "image",
        "filename": "img_02210.jpg"
    },
    {
        "annotations": [
            {
                "class": "rect",
                "height": 97.29000000000019,
                "width": 84.60000000000014,
                "x": 703.5900000000015,
                "y": 273.5400000000006
            }
        ],
        "class": "image",
        "filename": "img_02100.jpg"
    },
    {
        "annotations": [
            {
                "class": "rect",
                "height": 136.77000000000032,
                "width": 352.50000000000074,
                "x": 181.89000000000038,
                "y": 320.0700000000007
            }
        ],
        "class": "image",
        "filename": "img_01850.jpg"
    },
    {
        "annotations": [
            {
                "class": "rect",
                "height": 159.33000000000033,
                "width": 304.5600000000006,
                "x": 248.16000000000054,
                "y": 284.8200000000006
            }
        ],
        "class": "image",
        "filename": "img_01844.jpg"
    },
    {
        "annotations": [
            {
                "class": "rect",
                "height": 174.84000000000037,
                "width": 71.91000000000008,
                "x": 720.5100000000016,
                "y": 276.3600000000006
            }
        ],
        "class": "image",
        "filename": "img_01812.jpg"
    },
    {
        "annotations": [
            {
                "class": "rect",
                "height": 149.46000000000032,
                "width": 294.6900000000006,
                "x": 205.86000000000044,
                "y": 358.1400000000008
            }
        ],
        "class": "image",
        "filename": "img_01776.jpg"
    },
    {
        "annotations": [
            {
                "class": "rect",
                "height": 102.93000000000023,
                "width": 95.88000000000022,
                "x": 700.7700000000015,
                "y": 269.31000000000057
            }
        ],
        "class": "image",
        "filename": "img_01757.jpg"
    },
    {
        "annotations": [
            {
                "class": "rect",
                "height": 133.95000000000027,
                "width": 198.81000000000046,
                "x": 439.9200000000009,
                "y": 556.9500000000012
            }
        ],
        "class": "image",
        "filename": "img_01628.jpg"
    },
    {
        "annotations": [
            {
                "class": "rect",
                "height": 197.40000000000043,
                "width": 166.3800000000004,
                "x": 276.3600000000006,
                "y": 287.6400000000006
            }
        ],
        "class": "image",
        "filename": "img_01615.jpg"
    },
    {
        "annotations": [
            {
                "class": "rect",
                "height": 66.27000000000015,
                "width": 238.29000000000048,
                "x": 387.75000000000085,
                "y": 427.2300000000009
            }
        ],
        "class": "image",
        "filename": "img_01608.jpg"
    },
    {
        "annotations": [
            {
                "class": "rect",
                "height": 108.57000000000016,
                "width": 235.47000000000043,
                "x": 461.070000000001,
                "y": 435.69000000000096
            }
        ],
        "class": "image",
        "filename": "img_01596.jpg"
    },
    {
        "annotations": [
            {
                "class": "rect",
                "height": 208.68000000000046,
                "width": 339.81000000000074,
                "x": 243.93000000000052,
                "y": 297.5100000000006
            }
        ],
        "class": "image",
        "filename": "img_01531.jpg"
    },
    {
        "annotations": [
            {
                "class": "rect",
                "height": 122.6700000000003,
                "width": 214.32000000000045,
                "x": 425.8200000000009,
                "y": 565.4100000000012
            }
        ],
        "class": "image",
        "filename": "img_01474.jpg"
    },
    {
        "annotations": [
            {
                "class": "rect",
                "height": 219.9600000000005,
                "width": 256.6200000000006,
                "x": 589.3800000000012,
                "y": 500.5500000000011
            }
        ],
        "class": "image",
        "filename": "img_01471.jpg"
    },
    {
        "annotations": [
            {
                "class": "rect",
                "height": 265.0800000000005,
                "width": 119.85000000000036,
                "x": 820.6200000000017,
                "y": 604.8900000000014
            }
        ],
        "class": "image",
        "filename": "img_01470.jpg"
    },
    {
        "annotations": [
            {
                "class": "rect",
                "height": 255.2100000000005,
                "width": 462.480000000001,
                "x": 493.5000000000011,
                "y": 559.7700000000012
            },
            {
                "class": "rect",
                "height": 205.86000000000047,
                "width": 569.6400000000012,
                "x": 307.3800000000007,
                "y": 733.2000000000015
            },
            {
                "class": "rect",
                "height": 84.60000000000025,
                "width": 404.67000000000087,
                "x": 78.96000000000016,
                "y": 783.9600000000016
            },
            {
                "class": "rect",
                "height": 67.68000000000006,
                "width": 531.5700000000012,
                "x": 88.8300000000002,
                "y": 903.810000000002
            }
        ],
        "class": "image",
        "filename": "img_01397.jpg"
    },
    {
        "annotations": [
            {
                "class": "rect",
                "height": 100.11000000000024,
                "width": 221.37000000000052,
                "x": 458.25000000000097,
                "y": 437.10000000000093
            }
        ],
        "class": "image",
        "filename": "img_01360.jpg"
    },
    {
        "annotations": [
            {
                "class": "rect",
                "height": 172.02000000000038,
                "width": 95.88000000000022,
                "x": 695.1300000000015,
                "y": 291.87000000000063
            }
        ],
        "class": "image",
        "filename": "img_01311.jpg"
    },
    {
        "annotations": [
            {
                "class": "rect",
                "height": 78.96000000000015,
                "width": 245.34000000000054,
                "x": 369.4200000000008,
                "y": 418.7700000000009
            }
        ],
        "class": "image",
        "filename": "img_01232.jpg"
    },
    {
        "annotations": [
            {
                "class": "rect",
                "height": 78.96000000000015,
                "width": 235.47000000000048,
                "x": 331.3500000000007,
                "y": 420.1800000000009
            }
        ],
        "class": "image",
        "filename": "img_01185.jpg"
    },
    {
        "annotations": [
            {
                "class": "rect",
                "height": 200.22000000000043,
                "width": 155.10000000000036,
                "x": 331.3500000000007,
                "y": 311.6100000000007
            }
        ],
        "class": "image",
        "filename": "img_01153.jpg"
    },
    {
        "annotations": [
            {
                "class": "rect",
                "height": 191.76000000000045,
                "width": 249.5700000000005,
                "x": 445.56000000000097,
                "y": 400.44000000000085
            }
        ],
        "class": "image",
        "filename": "img_01055.jpg"
    },
    {
        "annotations": [
            {
                "class": "rect",
                "height": 94.4700000000002,
                "width": 215.73000000000042,
                "x": 310.20000000000067,
                "y": 407.49000000000086
            }
        ],
        "class": "image",
        "filename": "img_01042.jpg"
    },
    {
        "annotations": [
            {
                "class": "rect",
                "height": 108.57000000000022,
                "width": 258.03000000000054,
                "x": 177.66000000000042,
                "y": 313.02000000000066
            }
        ],
        "class": "image",
        "filename": "img_00983.jpg"
    },
    {
        "annotations": [
            {
                "class": "rect",
                "height": 249.57000000000056,
                "width": 100.11000000000018,
                "x": 424.41000000000093,
                "y": 424.41000000000093
            }
        ],
        "class": "image",
        "filename": "img_00951.jpg"
    },
    {
        "annotations": [
            {
                "class": "rect",
                "height": 153.69000000000034,
                "width": 329.94000000000074,
                "x": 231.2400000000005,
                "y": 294.6900000000006
            }
        ],
        "class": "image",
        "filename": "img_00918.jpg"
    },
    {
        "annotations": [
            {
                "class": "rect",
                "height": 52.000000000000114,
                "width": 143.00000000000037,
                "x": 247.0000000000006,
                "y": 448.0000000000011
            }
        ],
        "class": "image",
        "filename": "img_00770.jpg"
    },
    {
        "annotations": [
            {
                "class": "rect",
                "height": 72.00000000000017,
                "width": 206.00000000000045,
                "x": 417.000000000001,
                "y": 418.000000000001
            }
        ],
        "class": "image",
        "filename": "img_00734.jpg"
    },
    {
        "annotations": [
            {
                "class": "rect",
                "height": 76.00000000000017,
                "width": 242.00000000000063,
                "x": 347.00000000000085,
                "y": 418.000000000001
            }
        ],
        "class": "image",
        "filename": "img_00733.jpg"
    },
    {
        "annotations": [
            {
                "class": "rect",
                "height": 152.0000000000004,
                "width": 261.0000000000006,
                "x": 232.00000000000057,
                "y": 282.0000000000007
            }
        ],
        "class": "image",
        "filename": "img_00689.jpg"
    },
    {
        "annotations": [
            {
                "class": "rect",
                "height": 92.00000000000023,
                "width": 241.00000000000057,
                "x": 289.0000000000007,
                "y": 412.000000000001
            }
        ],
        "class": "image",
        "filename": "img_00678.jpg"
    },
    {
        "annotations": [
            {
                "class": "rect",
                "height": 105.00000000000034,
                "width": 199.0000000000005,
                "x": 435.0000000000011,
                "y": 576.0000000000014
            }
        ],
        "class": "image",
        "filename": "img_00644.jpg"
    },
    {
        "annotations": [
            {
                "class": "rect",
                "height": 192.0000000000004,
                "width": 220.00000000000057,
                "x": 337.0000000000008,
                "y": 387.00000000000097
            }
        ],
        "class": "image",
        "filename": "img_00565.jpg"
    },
    {
        "annotations": [
            {
                "class": "rect",
                "height": 202.0000000000005,
                "width": 166.0000000000004,
                "x": 286.0000000000007,
                "y": 282.0000000000007
            }
        ],
        "class": "image",
        "filename": "img_00352.jpg"
    },
    {
        "annotations": [
            {
                "class": "rect",
                "height": 108.00000000000028,
                "width": 336.0000000000008,
                "x": 163.0000000000004,
                "y": 334.0000000000008
            }
        ],
        "class": "image",
        "filename": "img_00348.jpg"
    },
    {
        "annotations": [
            {
                "class": "rect",
                "height": 93.00000000000023,
                "width": 219.00000000000057,
                "x": 412.000000000001,
                "y": 406.00000000000097
            }
        ],
        "class": "image",
        "filename": "img_00325.jpg"
    },
    {
        "annotations": [
            {
                "class": "rect",
                "height": 127.00000000000028,
                "width": 104.00000000000023,
                "x": 689.0000000000017,
                "y": 325.0000000000008
            }
        ],
        "class": "image",
        "filename": "img_00165.jpg"
    }
]
