[
    {
        "annotations": [
            {
                "class": "rect",
                "height": 308.0000000000008,
                "width": 398.0000000000009,
                "x": 591.0000000000015,
                "y": 171.00000000000043
            },
            {
                "class": "rect",
                "height": 224.0000000000005,
                "width": 366.0000000000008,
                "x": 678.0000000000017,
                "y": 495.0000000000012
            }
        ],
        "class": "image",
        "filename": "img_07919.jpg"
    },
    {
        "annotations": [
            {
                "class": "rect",
                "height": 141.00000000000034,
                "width": 182.00000000000045,
                "x": 682.0000000000017,
                "y": 353.00000000000085
            },
            {
                "class": "rect",
                "height": 107.00000000000023,
                "width": 112.00000000000023,
                "x": 932.0000000000023,
                "y": 295.00000000000074
            }
        ],
        "class": "image",
        "filename": "img_07830.jpg"
    },
    {
        "annotations": [
            {
                "class": "rect",
                "height": 81.00000000000017,
                "width": 140.00000000000023,
                "x": 918.0000000000023,
                "y": 342.00000000000085
            }
        ],
        "class": "image",
        "filename": "img_07817.jpg"
    },
    {
        "annotations": [
            {
                "class": "rect",
                "height": 386.00000000000097,
                "width": 449.00000000000114,
                "x": 529.0000000000013,
                "y": 122.00000000000028
            },
            {
                "class": "rect",
                "height": 278.0000000000006,
                "width": 290.0000000000007,
                "x": 849.000000000002,
                "y": 441.0000000000011
            }
        ],
        "class": "image",
        "filename": "img_07774.jpg"
    },
    {
        "annotations": [
            {
                "class": "rect",
                "height": 147.00000000000034,
                "width": 173.00000000000045,
                "x": 690.0000000000017,
                "y": 352.00000000000085
            },
            {
                "class": "rect",
                "height": 112.00000000000023,
                "width": 111.00000000000023,
                "x": 934.0000000000023,
                "y": 292.00000000000074
            }
        ],
        "class": "image",
        "filename": "img_07334.jpg"
    },
    {
        "annotations": [
            {
                "class": "rect",
                "height": 313.0000000000008,
                "width": 383.0000000000009,
                "x": 605.0000000000015,
                "y": 167.0000000000004
            },
            {
                "class": "rect",
                "height": 229.0000000000005,
                "width": 356.0000000000008,
                "x": 691.0000000000017,
                "y": 489.0000000000012
            }
        ],
        "class": "image",
        "filename": "img_07269.jpg"
    },
    {
        "annotations": [
            {
                "class": "rect",
                "height": 314.0000000000008,
                "width": 378.0000000000009,
                "x": 607.0000000000015,
                "y": 170.00000000000043
            },
            {
                "class": "rect",
                "height": 218.0000000000005,
                "width": 374.0000000000009,
                "x": 674.0000000000016,
                "y": 498.0000000000012
            }
        ],
        "class": "image",
        "filename": "img_07176.jpg"
    },
    {
        "annotations": [
            {
                "class": "rect",
                "height": 316.0000000000008,
                "width": 385.0000000000009,
                "x": 604.0000000000015,
                "y": 168.0000000000004
            },
            {
                "class": "rect",
                "height": 222.0000000000005,
                "width": 369.0000000000008,
                "x": 676.0000000000017,
                "y": 496.0000000000012
            }
        ],
        "class": "image",
        "filename": "img_07142.jpg"
    },
    {
        "annotations": [
            {
                "class": "rect",
                "height": 285.0000000000007,
                "width": 370.0000000000009,
                "x": 654.0000000000016,
                "y": 197.0000000000005
            }
        ],
        "class": "image",
        "filename": "img_07087.jpg"
    },
    {
        "annotations": [
            {
                "class": "rect",
                "height": 380.0000000000009,
                "width": 450.00000000000114,
                "x": 525.0000000000013,
                "y": 120.0000000000003
            },
            {
                "class": "rect",
                "height": 278.0000000000006,
                "width": 286.0000000000007,
                "x": 849.000000000002,
                "y": 439.0000000000011
            }
        ],
        "class": "image",
        "filename": "img_07010.jpg"
    },
    {
        "annotations": [
            {
                "class": "rect",
                "height": 145.00000000000034,
                "width": 164.00000000000034,
                "x": 685.0000000000017,
                "y": 354.00000000000085
            },
            {
                "class": "rect",
                "height": 115.00000000000023,
                "width": 105.00000000000023,
                "x": 937.0000000000023,
                "y": 292.00000000000074
            }
        ],
        "class": "image",
        "filename": "img_06876.jpg"
    },
    {
        "annotations": [
            {
                "class": "rect",
                "height": 281.0000000000007,
                "width": 353.0000000000009,
                "x": 656.0000000000016,
                "y": 206.0000000000005
            }
        ],
        "class": "image",
        "filename": "img_06713.jpg"
    },
    {
        "annotations": [
            {
                "class": "rect",
                "height": 367.0000000000009,
                "width": 446.00000000000114,
                "x": 528.0000000000013,
                "y": 140.00000000000034
            },
            {
                "class": "rect",
                "height": 281.0000000000006,
                "width": 291.0000000000007,
                "x": 848.000000000002,
                "y": 439.0000000000011
            }
        ],
        "class": "image",
        "filename": "img_06536.jpg"
    },
    {
        "annotations": [
            {
                "class": "rect",
                "height": 105.00000000000023,
                "width": 153.00000000000034,
                "x": 830.000000000002,
                "y": 344.00000000000085
            }
        ],
        "class": "image",
        "filename": "img_06257.jpg"
    },
    {
        "annotations": [
            {
                "class": "rect",
                "height": 315.0000000000008,
                "width": 396.0000000000009,
                "x": 598.0000000000015,
                "y": 170.0000000000004
            },
            {
                "class": "rect",
                "height": 227.0000000000005,
                "width": 393.0000000000009,
                "x": 655.0000000000016,
                "y": 493.0000000000012
            }
        ],
        "class": "image",
        "filename": "img_06224.jpg"
    },
    {
        "annotations": [
            {
                "class": "rect",
                "height": 311.0000000000008,
                "width": 389.0000000000009,
                "x": 604.0000000000015,
                "y": 168.0000000000004
            },
            {
                "class": "rect",
                "height": 229.0000000000005,
                "width": 394.0000000000009,
                "x": 654.0000000000016,
                "y": 489.0000000000012
            }
        ],
        "class": "image",
        "filename": "img_06223.jpg"
    },
    {
        "annotations": [
            {
                "class": "rect",
                "height": 110.00000000000028,
                "width": 179.00000000000045,
                "x": 706.0000000000017,
                "y": 321.0000000000008
            }
        ],
        "class": "image",
        "filename": "img_06129.jpg"
    },
    {
        "annotations": [
            {
                "class": "rect",
                "height": 380.00000000000097,
                "width": 451.00000000000114,
                "x": 526.0000000000013,
                "y": 125.00000000000028
            },
            {
                "class": "rect",
                "height": 266.0000000000006,
                "width": 285.0000000000007,
                "x": 852.000000000002,
                "y": 444.0000000000011
            }
        ],
        "class": "image",
        "filename": "img_05966.jpg"
    },
    {
        "annotations": [
            {
                "class": "rect",
                "height": 166.0000000000004,
                "width": 231.00000000000057,
                "x": 540.0000000000014,
                "y": 291.00000000000074
            }
        ],
        "class": "image",
        "filename": "img_05945.jpg"
    },
    {
        "annotations": [
            {
                "class": "rect",
                "height": 110.00000000000028,
                "width": 144.00000000000034,
                "x": 837.000000000002,
                "y": 346.00000000000085
            }
        ],
        "class": "image",
        "filename": "img_05939.jpg"
    },
    {
        "annotations": [
            {
                "class": "rect",
                "height": 145.00000000000034,
                "width": 170.00000000000034,
                "x": 686.0000000000017,
                "y": 353.00000000000085
            },
            {
                "class": "rect",
                "height": 115.00000000000028,
                "width": 102.00000000000023,
                "x": 939.0000000000023,
                "y": 294.00000000000074
            }
        ],
        "class": "image",
        "filename": "img_05449.jpg"
    },
    {
        "annotations": [
            {
                "class": "rect",
                "height": 392.00000000000097,
                "width": 366.000000000001,
                "x": 707.0000000000017,
                "y": 55.000000000000114
            }
        ],
        "class": "image",
        "filename": "img_05386.jpg"
    },
    {
        "annotations": [
            {
                "class": "rect",
                "height": 163.0000000000004,
                "width": 160.00000000000034,
                "x": 837.000000000002,
                "y": 299.00000000000074
            }
        ],
        "class": "image",
        "filename": "img_05123.jpg"
    },
    {
        "annotations": [
            {
                "class": "rect",
                "height": 301.00000000000074,
                "width": 382.0000000000009,
                "x": 610.0000000000015,
                "y": 187.00000000000045
            },
            {
                "class": "rect",
                "height": 215.00000000000045,
                "width": 359.0000000000008,
                "x": 691.0000000000017,
                "y": 503.00000000000125
            }
        ],
        "class": "image",
        "filename": "img_05081.jpg"
    },
    {
        "annotations": [
            {
                "class": "rect",
                "height": 287.0000000000007,
                "width": 358.0000000000009,
                "x": 654.0000000000016,
                "y": 198.0000000000005
            }
        ],
        "class": "image",
        "filename": "img_05005.jpg"
    },
    {
        "annotations": [
            {
                "class": "rect",
                "height": 150.00000000000034,
                "width": 103.00000000000023,
                "x": 689.0000000000017,
                "y": 348.00000000000085
            },
            {
                "class": "rect",
                "height": 115.00000000000028,
                "width": 118.00000000000023,
                "x": 924.0000000000023,
                "y": 290.0000000000007
            }
        ],
        "class": "image",
        "filename": "img_04958.jpg"
    },
    {
        "annotations": [
            {
                "class": "rect",
                "height": 391.00000000000097,
                "width": 366.0000000000008,
                "x": 704.0000000000017,
                "y": 55.000000000000114
            }
        ],
        "class": "image",
        "filename": "img_04953.jpg"
    },
    {
        "annotations": [
            {
                "class": "rect",
                "height": 383.0000000000009,
                "width": 443.00000000000114,
                "x": 528.0000000000013,
                "y": 126.00000000000034
            },
            {
                "class": "rect",
                "height": 268.0000000000006,
                "width": 288.0000000000007,
                "x": 852.000000000002,
                "y": 441.0000000000011
            }
        ],
        "class": "image",
        "filename": "img_04741.jpg"
    },
    {
        "annotations": [
            {
                "class": "rect",
                "height": 390.0000000000009,
                "width": 361.000000000001,
                "x": 710.0000000000017,
                "y": 57.00000000000017
            }
        ],
        "class": "image",
        "filename": "img_04734.jpg"
    },
    {
        "annotations": [
            {
                "class": "rect",
                "height": 105.00000000000023,
                "width": 131.00000000000034,
                "x": 754.0000000000018,
                "y": 322.0000000000008
            }
        ],
        "class": "image",
        "filename": "img_04711.jpg"
    },
    {
        "annotations": [
            {
                "class": "rect",
                "height": 377.0000000000009,
                "width": 415.000000000001,
                "x": 528.0000000000013,
                "y": 118.00000000000028
            },
            {
                "class": "rect",
                "height": 276.0000000000006,
                "width": 286.0000000000007,
                "x": 850.000000000002,
                "y": 441.0000000000011
            }
        ],
        "class": "image",
        "filename": "img_04678.jpg"
    },
    {
        "annotations": [
            {
                "class": "rect",
                "height": 107.00000000000023,
                "width": 176.00000000000045,
                "x": 708.0000000000017,
                "y": 323.0000000000008
            }
        ],
        "class": "image",
        "filename": "img_04481.jpg"
    },
    {
        "annotations": [
            {
                "class": "rect",
                "height": 112.00000000000028,
                "width": 171.00000000000045,
                "x": 750.0000000000018,
                "y": 289.0000000000007
            }
        ],
        "class": "image",
        "filename": "img_04435.jpg"
    },
    {
        "annotations": [
            {
                "class": "rect",
                "height": 388.00000000000097,
                "width": 423.000000000001,
                "x": 528.0000000000013,
                "y": 121.00000000000028
            },
            {
                "class": "rect",
                "height": 271.0000000000006,
                "width": 287.0000000000007,
                "x": 851.000000000002,
                "y": 440.0000000000011
            }
        ],
        "class": "image",
        "filename": "img_04414.jpg"
    },
    {
        "annotations": [
            {
                "class": "rect",
                "height": 148.00000000000034,
                "width": 183.00000000000045,
                "x": 680.0000000000017,
                "y": 350.00000000000085
            },
            {
                "class": "rect",
                "height": 111.00000000000023,
                "width": 109.00000000000023,
                "x": 935.0000000000023,
                "y": 291.00000000000074
            }
        ],
        "class": "image",
        "filename": "img_04352.jpg"
    },
    {
        "annotations": [
            {
                "class": "rect",
                "height": 388.00000000000097,
                "width": 431.00000000000114,
                "x": 524.0000000000013,
                "y": 121.00000000000028
            },
            {
                "class": "rect",
                "height": 263.0000000000006,
                "width": 286.0000000000007,
                "x": 854.000000000002,
                "y": 447.0000000000011
            }
        ],
        "class": "image",
        "filename": "img_04297.jpg"
    },
    {
        "annotations": [
            {
                "class": "rect",
                "height": 317.0000000000008,
                "width": 392.0000000000009,
                "x": 604.0000000000015,
                "y": 169.0000000000004
            },
            {
                "class": "rect",
                "height": 204.00000000000045,
                "width": 358.0000000000008,
                "x": 691.0000000000017,
                "y": 514.0000000000013
            }
        ],
        "class": "image",
        "filename": "img_04279.jpg"
    },
    {
        "annotations": [
            {
                "class": "rect",
                "height": 166.0000000000004,
                "width": 219.00000000000057,
                "x": 529.0000000000013,
                "y": 295.00000000000074
            }
        ],
        "class": "image",
        "filename": "img_04199.jpg"
    },
    {
        "annotations": [
            {
                "class": "rect",
                "height": 145.00000000000034,
                "width": 158.00000000000034,
                "x": 688.0000000000017,
                "y": 352.00000000000085
            },
            {
                "class": "rect",
                "height": 104.00000000000023,
                "width": 97.00000000000023,
                "x": 944.0000000000023,
                "y": 295.00000000000074
            }
        ],
        "class": "image",
        "filename": "img_03940.jpg"
    },
    {
        "annotations": [
            {
                "class": "rect",
                "height": 115.00000000000028,
                "width": 130.00000000000034,
                "x": 755.0000000000018,
                "y": 317.0000000000008
            }
        ],
        "class": "image",
        "filename": "img_03774.jpg"
    },
    {
        "annotations": [
            {
                "class": "rect",
                "height": 318.0000000000008,
                "width": 361.0000000000009,
                "x": 660.0000000000016,
                "y": 175.0000000000004
            }
        ],
        "class": "image",
        "filename": "img_03771.jpg"
    },
    {
        "annotations": [
            {
                "class": "rect",
                "height": 391.00000000000097,
                "width": 441.00000000000114,
                "x": 527.0000000000013,
                "y": 117.00000000000028
            },
            {
                "class": "rect",
                "height": 274.0000000000006,
                "width": 281.0000000000007,
                "x": 857.000000000002,
                "y": 440.0000000000011
            }
        ],
        "class": "image",
        "filename": "img_03611.jpg"
    },
    {
        "annotations": [
            {
                "class": "rect",
                "height": 161.0000000000004,
                "width": 97.00000000000023,
                "x": 826.000000000002,
                "y": 295.00000000000074
            }
        ],
        "class": "image",
        "filename": "img_03232.jpg"
    },
    {
        "annotations": [
            {
                "class": "rect",
                "height": 353.00000000000085,
                "width": 400.000000000001,
                "x": 607.0000000000015,
                "y": 166.0000000000004
            },
            {
                "class": "rect",
                "height": 182.00000000000045,
                "width": 363.0000000000008,
                "x": 682.0000000000017,
                "y": 535.0000000000013
            }
        ],
        "class": "image",
        "filename": "img_03052.jpg"
    },
    {
        "annotations": [
            {
                "class": "rect",
                "height": 385.00000000000097,
                "width": 434.00000000000114,
                "x": 532.0000000000013,
                "y": 123.00000000000028
            },
            {
                "class": "rect",
                "height": 277.0000000000006,
                "width": 286.0000000000007,
                "x": 855.000000000002,
                "y": 438.0000000000011
            }
        ],
        "class": "image",
        "filename": "img_02758.jpg"
    },
    {
        "annotations": [
            {
                "class": "rect",
                "height": 115.00000000000028,
                "width": 157.00000000000034,
                "x": 727.0000000000018,
                "y": 321.0000000000008
            }
        ],
        "class": "image",
        "filename": "img_02728.jpg"
    },
    {
        "annotations": [
            {
                "class": "rect",
                "height": 380.0000000000009,
                "width": 367.0000000000008,
                "x": 537.0000000000014,
                "y": 38.000000000000114
            }
        ],
        "class": "image",
        "filename": "img_02694.jpg"
    },
    {
        "annotations": [
            {
                "class": "rect",
                "height": 260.0000000000007,
                "width": 349.0000000000009,
                "x": 665.0000000000016,
                "y": 223.0000000000005
            }
        ],
        "class": "image",
        "filename": "img_02608.jpg"
    },
    {
        "annotations": [
            {
                "class": "rect",
                "height": 155.00000000000034,
                "width": 171.00000000000045,
                "x": 463.00000000000114,
                "y": 363.0000000000009
            }
        ],
        "class": "image",
        "filename": "img_02533.jpg"
    },
    {
        "annotations": [
            {
                "class": "rect",
                "height": 147.00000000000034,
                "width": 150.00000000000034,
                "x": 685.0000000000017,
                "y": 353.00000000000085
            },
            {
                "class": "rect",
                "height": 110.00000000000023,
                "width": 103.00000000000023,
                "x": 945.0000000000023,
                "y": 297.00000000000074
            }
        ],
        "class": "image",
        "filename": "img_02415.jpg"
    },
    {
        "annotations": [
            {
                "class": "rect",
                "height": 111.00000000000028,
                "width": 129.00000000000034,
                "x": 748.0000000000018,
                "y": 320.0000000000008
            }
        ],
        "class": "image",
        "filename": "img_02349.jpg"
    },
    {
        "annotations": [
            {
                "class": "rect",
                "height": 123.00000000000034,
                "width": 186.00000000000045,
                "x": 697.0000000000017,
                "y": 309.00000000000074
            }
        ],
        "class": "image",
        "filename": "img_02236.jpg"
    },
    {
        "annotations": [
            {
                "class": "rect",
                "height": 147.00000000000034,
                "width": 173.00000000000045,
                "x": 834.000000000002,
                "y": 301.00000000000074
            }
        ],
        "class": "image",
        "filename": "img_02186.jpg"
    },
    {
        "annotations": [
            {
                "class": "rect",
                "height": 162.00000000000034,
                "width": 181.0000000000004,
                "x": 431.0000000000011,
                "y": 362.0000000000009
            }
        ],
        "class": "image",
        "filename": "img_02089.jpg"
    },
    {
        "annotations": [
            {
                "class": "rect",
                "height": 388.0000000000009,
                "width": 373.000000000001,
                "x": 703.0000000000017,
                "y": 61.00000000000017
            }
        ],
        "class": "image",
        "filename": "img_02042.jpg"
    },
    {
        "annotations": [
            {
                "class": "rect",
                "height": 150.00000000000034,
                "width": 98.00000000000023,
                "x": 687.0000000000017,
                "y": 349.00000000000085
            },
            {
                "class": "rect",
                "height": 112.00000000000023,
                "width": 124.00000000000023,
                "x": 919.0000000000023,
                "y": 291.00000000000074
            }
        ],
        "class": "image",
        "filename": "img_01952.jpg"
    },
    {
        "annotations": [
            {
                "class": "rect",
                "height": 380.0000000000009,
                "width": 449.00000000000114,
                "x": 524.0000000000013,
                "y": 127.00000000000034
            },
            {
                "class": "rect",
                "height": 280.0000000000006,
                "width": 287.0000000000007,
                "x": 852.000000000002,
                "y": 437.0000000000011
            }
        ],
        "class": "image",
        "filename": "img_01766.jpg"
    },
    {
        "annotations": [
            {
                "class": "rect",
                "height": 167.0000000000004,
                "width": 118.00000000000023,
                "x": 688.0000000000017,
                "y": 340.00000000000085
            },
            {
                "class": "rect",
                "height": 110.00000000000023,
                "width": 109.00000000000023,
                "x": 936.0000000000023,
                "y": 296.00000000000074
            }
        ],
        "class": "image",
        "filename": "img_01644.jpg"
    },
    {
        "annotations": [
            {
                "class": "rect",
                "height": 115.00000000000023,
                "width": 180.00000000000045,
                "x": 702.0000000000017,
                "y": 315.0000000000008
            }
        ],
        "class": "image",
        "filename": "img_01527.jpg"
    },
    {
        "annotations": [
            {
                "class": "rect",
                "height": 322.0000000000008,
                "width": 388.0000000000009,
                "x": 595.0000000000015,
                "y": 170.0000000000004
            },
            {
                "class": "rect",
                "height": 206.00000000000045,
                "width": 362.0000000000008,
                "x": 687.0000000000017,
                "y": 507.00000000000125
            }
        ],
        "class": "image",
        "filename": "img_01512.jpg"
    },
    {
        "annotations": [
            {
                "class": "rect",
                "height": 330.00000000000085,
                "width": 366.000000000001,
                "x": 708.0000000000017,
                "y": 124.00000000000028
            }
        ],
        "class": "image",
        "filename": "img_01457.jpg"
    },
    {
        "annotations": [
            {
                "class": "rect",
                "height": 396.00000000000097,
                "width": 450.00000000000114,
                "x": 527.0000000000013,
                "y": 118.00000000000028
            },
            {
                "class": "rect",
                "height": 279.0000000000006,
                "width": 299.0000000000007,
                "x": 846.000000000002,
                "y": 436.0000000000011
            }
        ],
        "class": "image",
        "filename": "img_01221.jpg"
    },
    {
        "annotations": [
            {
                "class": "rect",
                "height": 112.00000000000028,
                "width": 185.00000000000045,
                "x": 699.0000000000017,
                "y": 319.0000000000008
            }
        ],
        "class": "image",
        "filename": "img_01037.jpg"
    },
    {
        "annotations": [
            {
                "class": "rect",
                "height": 333.0000000000008,
                "width": 384.0000000000009,
                "x": 612.0000000000015,
                "y": 175.00000000000045
            },
            {
                "class": "rect",
                "height": 202.00000000000045,
                "width": 359.0000000000008,
                "x": 688.0000000000017,
                "y": 516.0000000000013
            }
        ],
        "class": "image",
        "filename": "img_00784.jpg"
    },
    {
        "annotations": [
            {
                "class": "rect",
                "height": 119.00000000000034,
                "width": 181.00000000000045,
                "x": 827.000000000002,
                "y": 335.0000000000008
            }
        ],
        "class": "image",
        "filename": "img_00657.jpg"
    },
    {
        "annotations": [
            {
                "class": "rect",
                "height": 115.00000000000028,
                "width": 180.00000000000045,
                "x": 707.0000000000017,
                "y": 316.0000000000008
            }
        ],
        "class": "image",
        "filename": "img_00176.jpg"
    },
    {
        "annotations": [
            {
                "class": "rect",
                "height": 390.00000000000097,
                "width": 444.00000000000114,
                "x": 528.0000000000013,
                "y": 121.00000000000028
            },
            {
                "class": "rect",
                "height": 284.0000000000006,
                "width": 292.0000000000007,
                "x": 849.000000000002,
                "y": 437.0000000000011
            }
        ],
        "class": "image",
        "filename": "img_00091.jpg"
    }
]
