[
    {
        "annotations": [
            {
                "class": "rect",
                "height": 89.0,
                "width": 355.0,
                "x": 512.0,
                "y": 162.0
            },
            {
                "class": "rect",
                "height": 69.0,
                "width": 158.0,
                "x": 38.0,
                "y": 126.0
            },
            {
                "class": "rect",
                "height": 205.0,
                "width": 147.0,
                "x": 19.0,
                "y": 131.0
            },
            {
                "class": "rect",
                "height": 233.0,
                "width": 77.0,
                "x": 76.0,
                "y": 152.0
            },
            {
                "class": "rect",
                "height": 233.0,
                "width": 173.0,
                "x": 136.0,
                "y": 299.0
            },
            {
                "class": "rect",
                "height": 251.0,
                "width": 370.0,
                "x": 377.0,
                "y": 311.0
            }
        ],
        "class": "image",
        "filename": "img_07825.jpg"
    },
    {
        "annotations": [
            {
                "class": "rect",
                "height": 195.0,
                "width": 346.0,
                "x": 279.0,
                "y": 161.0
            },
            {
                "class": "rect",
                "height": 178.0,
                "width": 353.0,
                "x": 594.0,
                "y": 90.0
            }
        ],
        "class": "image",
        "filename": "img_07804.jpg"
    },
    {
        "annotations": [
            {
                "class": "rect",
                "height": 79.0,
                "width": 256.0,
                "x": 815.0,
                "y": 124.0
            }
        ],
        "class": "image",
        "filename": "img_07795.jpg"
    },
    {
        "annotations": [
            {
                "class": "rect",
                "height": 194.0,
                "width": 336.0,
                "x": 291.0,
                "y": 163.0
            },
            {
                "class": "rect",
                "height": 173.0,
                "width": 353.0,
                "x": 593.0,
                "y": 92.0
            }
        ],
        "class": "image",
        "filename": "img_07734.jpg"
    },
    {
        "annotations": [
            {
                "class": "rect",
                "height": 230.0,
                "width": 397.0,
                "x": 535.0,
                "y": 83.0
            }
        ],
        "class": "image",
        "filename": "img_07721.jpg"
    },
    {
        "annotations": [
            {
                "class": "rect",
                "height": 458.0,
                "width": 182.0,
                "x": 309.0,
                "y": 329.0
            }
        ],
        "class": "image",
        "filename": "img_07620.jpg"
    },
    {
        "annotations": [
            {
                "class": "rect",
                "height": 175.0,
                "width": 405.0,
                "x": 433.0,
                "y": 180.0
            }
        ],
        "class": "image",
        "filename": "img_07581.jpg"
    },
    {
        "annotations": [
            {
                "class": "rect",
                "height": 216.0,
                "width": 156.0,
                "x": 133.0,
                "y": 195.0
            },
            {
                "class": "rect",
                "height": 189.0,
                "width": 352.0,
                "x": 636.0,
                "y": 40.0
            }
        ],
        "class": "image",
        "filename": "img_07579.jpg"
    },
    {
        "annotations": [
            {
                "class": "rect",
                "height": 317.0,
                "width": 435.0,
                "x": 440.0,
                "y": 435.0
            }
        ],
        "class": "image",
        "filename": "img_07545.jpg"
    },
    {
        "annotations": [
            {
                "class": "rect",
                "height": 217.0,
                "width": 150.0,
                "x": 136.0,
                "y": 195.0
            },
            {
                "class": "rect",
                "height": 167.0,
                "width": 241.0,
                "x": 739.0,
                "y": 93.0
            }
        ],
        "class": "image",
        "filename": "img_07519.jpg"
    },
    {
        "annotations": [
            {
                "class": "rect",
                "height": 146.0,
                "width": 396.0,
                "x": 575.0,
                "y": 196.0
            }
        ],
        "class": "image",
        "filename": "img_07518.jpg"
    },
    {
        "annotations": [
            {
                "class": "rect",
                "height": 216.0,
                "width": 144.0,
                "x": 137.0,
                "y": 195.0
            }
        ],
        "class": "image",
        "filename": "img_07440.jpg"
    },
    {
        "annotations": [
            {
                "class": "rect",
                "height": 196.0,
                "width": 74.0,
                "x": 543.0,
                "y": 331.0
            }
        ],
        "class": "image",
        "filename": "img_07410.jpg"
    },
    {
        "annotations": [
            {
                "class": "rect",
                "height": 446.0,
                "width": 199.0,
                "x": 228.0,
                "y": 293.0
            }
        ],
        "class": "image",
        "filename": "img_07378.jpg"
    },
    {
        "annotations": [
            {
                "class": "rect",
                "height": 228.0,
                "width": 298.0,
                "x": 380.0,
                "y": 425.0
            }
        ],
        "class": "image",
        "filename": "img_07321.jpg"
    },
    {
        "annotations": [
            {
                "class": "rect",
                "height": 189.0,
                "width": 337.0,
                "x": 283.0,
                "y": 166.0
            },
            {
                "class": "rect",
                "height": 174.0,
                "width": 353.0,
                "x": 591.0,
                "y": 93.0
            }
        ],
        "class": "image",
        "filename": "img_07311.jpg"
    },
    {
        "annotations": [
            {
                "class": "rect",
                "height": 306.0,
                "width": 262.0,
                "x": 816.0,
                "y": 258.0
            }
        ],
        "class": "image",
        "filename": "img_07164.jpg"
    },
    {
        "annotations": [
            {
                "class": "rect",
                "height": 185.0,
                "width": 106.0,
                "x": 196.0,
                "y": 271.0
            }
        ],
        "class": "image",
        "filename": "img_07059.jpg"
    },
    {
        "annotations": [
            {
                "class": "rect",
                "height": 445.0,
                "width": 182.0,
                "x": 220.0,
                "y": 168.0
            }
        ],
        "class": "image",
        "filename": "img_07015.jpg"
    },
    {
        "annotations": [
            {
                "class": "rect",
                "height": 108.0,
                "width": 348.0,
                "x": 516.0,
                "y": 147.0
            },
            {
                "class": "rect",
                "height": 155.0,
                "width": 203.0,
                "x": 911.0,
                "y": 115.0
            },
            {
                "class": "rect",
                "height": 249.0,
                "width": 187.0,
                "x": 126.0,
                "y": 299.0
            },
            {
                "class": "rect",
                "height": 244.0,
                "width": 363.0,
                "x": 381.0,
                "y": 316.0
            },
            {
                "class": "rect",
                "height": 93.0,
                "width": 147.0,
                "x": 43.0,
                "y": 119.0
            },
            {
                "class": "rect",
                "height": 215.0,
                "width": 106.0,
                "x": 71.0,
                "y": 146.0
            },
            {
                "class": "rect",
                "height": 146.0,
                "width": 99.0,
                "x": 27.0,
                "y": 187.0
            }
        ],
        "class": "image",
        "filename": "img_07007.jpg"
    },
    {
        "annotations": [
            {
                "class": "rect",
                "height": 191.0,
                "width": 73.0,
                "x": 542.0,
                "y": 330.0
            }
        ],
        "class": "image",
        "filename": "img_06997.jpg"
    },
    {
        "annotations": [
            {
                "class": "rect",
                "height": 172.0,
                "width": 171.0,
                "x": 585.0,
                "y": 466.0
            },
            {
                "class": "rect",
                "height": 97.0,
                "width": 56.0,
                "x": 698.0,
                "y": 366.0
            }
        ],
        "class": "image",
        "filename": "img_06983.jpg"
    },
    {
        "annotations": [
            {
                "class": "rect",
                "height": 89.0,
                "width": 205.0,
                "x": 407.0,
                "y": 436.0
            }
        ],
        "class": "image",
        "filename": "img_06867.jpg"
    },
    {
        "annotations": [
            {
                "class": "rect",
                "height": 144.0,
                "width": 371.0,
                "x": 712.0,
                "y": 396.0
            }
        ],
        "class": "image",
        "filename": "img_06862.jpg"
    },
    {
        "annotations": [
            {
                "class": "rect",
                "height": 235.0,
                "width": 152.0,
                "x": 142.0,
                "y": 300.0
            },
            {
                "class": "rect",
                "height": 71.0,
                "width": 364.0,
                "x": 518.0,
                "y": 172.0
            },
            {
                "class": "rect",
                "height": 97.0,
                "width": 378.0,
                "x": 416.0,
                "y": 69.0
            },
            {
                "class": "rect",
                "height": 86.0,
                "width": 141.0,
                "x": 53.0,
                "y": 113.0
            },
            {
                "class": "rect",
                "height": 206.0,
                "width": 85.0,
                "x": 72.0,
                "y": 169.0
            },
            {
                "class": "rect",
                "height": 142.0,
                "width": 106.0,
                "x": 25.0,
                "y": 183.0
            },
            {
                "class": "rect",
                "height": 266.0,
                "width": 362.0,
                "x": 380.0,
                "y": 308.0
            }
        ],
        "class": "image",
        "filename": "img_06827.jpg"
    },
    {
        "annotations": [
            {
                "class": "rect",
                "height": 316.0,
                "width": 223.0,
                "x": 775.0,
                "y": 117.0
            }
        ],
        "class": "image",
        "filename": "img_06825.jpg"
    },
    {
        "annotations": [
            {
                "class": "rect",
                "height": 237.0,
                "width": 512.0,
                "x": 503.0,
                "y": 27.0
            }
        ],
        "class": "image",
        "filename": "img_06777.jpg"
    },
    {
        "annotations": [
            {
                "class": "rect",
                "height": 217.0,
                "width": 319.0,
                "x": 445.0,
                "y": 458.0
            }
        ],
        "class": "image",
        "filename": "img_06776.jpg"
    },
    {
        "annotations": [
            {
                "class": "rect",
                "height": 300.0,
                "width": 259.0,
                "x": 816.0,
                "y": 248.0
            }
        ],
        "class": "image",
        "filename": "img_06772.jpg"
    },
    {
        "annotations": [
            {
                "class": "rect",
                "height": 90.0,
                "width": 295.0,
                "x": 821.0,
                "y": 302.0
            },
            {
                "class": "rect",
                "height": 120.0,
                "width": 379.0,
                "x": 447.0,
                "y": 198.0
            },
            {
                "class": "rect",
                "height": 117.0,
                "width": 326.0,
                "x": 271.0,
                "y": 304.0
            }
        ],
        "class": "image",
        "filename": "img_06636.jpg"
    },
    {
        "annotations": [
            {
                "class": "rect",
                "height": 90.0,
                "width": 165.0,
                "x": 363.0,
                "y": 393.0
            }
        ],
        "class": "image",
        "filename": "img_06623.jpg"
    },
    {
        "annotations": [
            {
                "class": "rect",
                "height": 136.0,
                "width": 261.0,
                "x": 773.0,
                "y": 101.0
            }
        ],
        "class": "image",
        "filename": "img_06613.jpg"
    },
    {
        "annotations": [
            {
                "class": "rect",
                "height": 156.0,
                "width": 290.0,
                "x": 518.0,
                "y": 262.0
            }
        ],
        "class": "image",
        "filename": "img_06575.jpg"
    },
    {
        "annotations": [
            {
                "class": "rect",
                "height": 136.0,
                "width": 376.0,
                "x": 640.0,
                "y": 185.0
            }
        ],
        "class": "image",
        "filename": "img_06542.jpg"
    },
    {
        "annotations": [
            {
                "class": "rect",
                "height": 88.0,
                "width": 188.0,
                "x": 330.0,
                "y": 414.0
            }
        ],
        "class": "image",
        "filename": "img_06532.jpg"
    },
    {
        "annotations": [
            {
                "class": "rect",
                "height": 212.0,
                "width": 149.0,
                "x": 133.0,
                "y": 196.0
            },
            {
                "class": "rect",
                "height": 183.0,
                "width": 321.0,
                "x": 679.0,
                "y": 33.0
            }
        ],
        "class": "image",
        "filename": "img_06453.jpg"
    },
    {
        "annotations": [
            {
                "class": "rect",
                "height": 258.0,
                "width": 198.0,
                "x": 818.0,
                "y": 299.0
            }
        ],
        "class": "image",
        "filename": "img_06384.jpg"
    },
    {
        "annotations": [
            {
                "class": "rect",
                "height": 122.0,
                "width": 78.0,
                "x": 617.0,
                "y": 400.0
            }
        ],
        "class": "image",
        "filename": "img_06287.jpg"
    },
    {
        "annotations": [
            {
                "class": "rect",
                "height": 128.0,
                "width": 406.0,
                "x": 545.0,
                "y": 178.0
            }
        ],
        "class": "image",
        "filename": "img_06277.jpg"
    },
    {
        "annotations": [
            {
                "class": "rect",
                "height": 105.0,
                "width": 118.0,
                "x": 393.0,
                "y": 404.0
            }
        ],
        "class": "image",
        "filename": "img_06035.jpg"
    },
    {
        "annotations": [
            {
                "class": "rect",
                "height": 468.0,
                "width": 223.0,
                "x": 242.0,
                "y": 238.0
            }
        ],
        "class": "image",
        "filename": "img_05986.jpg"
    },
    {
        "annotations": [
            {
                "class": "rect",
                "height": 172.0,
                "width": 341.0,
                "x": 282.0,
                "y": 165.0
            },
            {
                "class": "rect",
                "height": 172.0,
                "width": 353.0,
                "x": 592.0,
                "y": 90.0
            }
        ],
        "class": "image",
        "filename": "img_05974.jpg"
    },
    {
        "annotations": [
            {
                "class": "rect",
                "height": 158.0,
                "width": 280.0,
                "x": 826.0,
                "y": 162.0
            }
        ],
        "class": "image",
        "filename": "img_05874.jpg"
    },
    {
        "annotations": [
            {
                "class": "rect",
                "height": 236.0,
                "width": 318.0,
                "x": 468.0,
                "y": 462.0
            }
        ],
        "class": "image",
        "filename": "img_05858.jpg"
    },
    {
        "annotations": [
            {
                "class": "rect",
                "height": 298.0,
                "width": 231.0,
                "x": 815.0,
                "y": 263.0
            }
        ],
        "class": "image",
        "filename": "img_05848.jpg"
    },
    {
        "annotations": [
            {
                "class": "rect",
                "height": 303.0,
                "width": 223.0,
                "x": 818.0,
                "y": 256.0
            }
        ],
        "class": "image",
        "filename": "img_05841.jpg"
    },
    {
        "annotations": [
            {
                "class": "rect",
                "height": 194.0,
                "width": 67.0,
                "x": 547.0,
                "y": 339.0
            }
        ],
        "class": "image",
        "filename": "img_05797.jpg"
    },
    {
        "annotations": [
            {
                "class": "rect",
                "height": 147.0,
                "width": 101.0,
                "x": 290.0,
                "y": 95.0
            }
        ],
        "class": "image",
        "filename": "img_05796.jpg"
    },
    {
        "annotations": [
            {
                "class": "rect",
                "height": 155.0,
                "width": 120.0,
                "x": 266.0,
                "y": 113.0
            }
        ],
        "class": "image",
        "filename": "img_05784.jpg"
    },
    {
        "annotations": [
            {
                "class": "rect",
                "height": 301.0,
                "width": 237.0,
                "x": 816.0,
                "y": 260.0
            }
        ],
        "class": "image",
        "filename": "img_05748.jpg"
    },
    {
        "annotations": [
            {
                "class": "rect",
                "height": 184.0,
                "width": 333.0,
                "x": 735.0,
                "y": 133.0
            }
        ],
        "class": "image",
        "filename": "img_05736.jpg"
    },
    {
        "annotations": [
            {
                "class": "rect",
                "height": 148.0,
                "width": 289.0,
                "x": 518.0,
                "y": 268.0
            }
        ],
        "class": "image",
        "filename": "img_05728.jpg"
    },
    {
        "annotations": [
            {
                "class": "rect",
                "height": 257.0,
                "width": 326.0,
                "x": 617.0,
                "y": 523.0
            }
        ],
        "class": "image",
        "filename": "img_05658.jpg"
    },
    {
        "annotations": [
            {
                "class": "rect",
                "height": 222.0,
                "width": 256.0,
                "x": 514.0,
                "y": 461.0
            }
        ],
        "class": "image",
        "filename": "img_05616.jpg"
    },
    {
        "annotations": [
            {
                "class": "rect",
                "height": 145.0,
                "width": 403.0,
                "x": 493.0,
                "y": 181.0
            }
        ],
        "class": "image",
        "filename": "img_05561.jpg"
    },
    {
        "annotations": [
            {
                "class": "rect",
                "height": 155.0,
                "width": 139.0,
                "x": 645.0,
                "y": 389.0
            },
            {
                "class": "rect",
                "height": 138.0,
                "width": 66.0,
                "x": 896.0,
                "y": 333.0
            }
        ],
        "class": "image",
        "filename": "img_05450.jpg"
    },
    {
        "annotations": [
            {
                "class": "rect",
                "height": 167.0,
                "width": 322.0,
                "x": 297.0,
                "y": 168.0
            },
            {
                "class": "rect",
                "height": 169.0,
                "width": 345.0,
                "x": 595.0,
                "y": 93.0
            }
        ],
        "class": "image",
        "filename": "img_05431.jpg"
    },
    {
        "annotations": [
            {
                "class": "rect",
                "height": 170.0,
                "width": 321.0,
                "x": 297.0,
                "y": 166.0
            },
            {
                "class": "rect",
                "height": 172.0,
                "width": 355.0,
                "x": 591.0,
                "y": 92.0
            }
        ],
        "class": "image",
        "filename": "img_05402.jpg"
    },
    {
        "annotations": [
            {
                "class": "rect",
                "height": 172.0,
                "width": 199.0,
                "x": 0.0,
                "y": 304.0
            }
        ],
        "class": "image",
        "filename": "img_05369.jpg"
    },
    {
        "annotations": [
            {
                "class": "rect",
                "height": 165.0,
                "width": 412.0,
                "x": 504.0,
                "y": 192.0
            }
        ],
        "class": "image",
        "filename": "img_05351.jpg"
    },
    {
        "annotations": [
            {
                "class": "rect",
                "height": 211.0,
                "width": 121.0,
                "x": 530.0,
                "y": 392.0
            }
        ],
        "class": "image",
        "filename": "img_05346.jpg"
    },
    {
        "annotations": [
            {
                "class": "rect",
                "height": 80.0,
                "width": 184.0,
                "x": 329.0,
                "y": 426.0
            }
        ],
        "class": "image",
        "filename": "img_05344.jpg"
    },
    {
        "annotations": [
            {
                "class": "rect",
                "height": 306.0,
                "width": 247.0,
                "x": 817.0,
                "y": 257.0
            }
        ],
        "class": "image",
        "filename": "img_05314.jpg"
    },
    {
        "annotations": [
            {
                "class": "rect",
                "height": 239.0,
                "width": 514.0,
                "x": 501.0,
                "y": 25.0
            }
        ],
        "class": "image",
        "filename": "img_05262.jpg"
    },
    {
        "annotations": [
            {
                "class": "rect",
                "height": 88.0,
                "width": 167.0,
                "x": 360.0,
                "y": 400.0
            }
        ],
        "class": "image",
        "filename": "img_05255.jpg"
    },
    {
        "annotations": [
            {
                "class": "rect",
                "height": 435.0,
                "width": 180.0,
                "x": 211.0,
                "y": 235.0
            }
        ],
        "class": "image",
        "filename": "img_05252.jpg"
    },
    {
        "annotations": [
            {
                "class": "rect",
                "height": 286.0,
                "width": 267.0,
                "x": 810.0,
                "y": 246.0
            }
        ],
        "class": "image",
        "filename": "img_05240.jpg"
    },
    {
        "annotations": [
            {
                "class": "rect",
                "height": 157.0,
                "width": 343.0,
                "x": 446.0,
                "y": 630.0
            }
        ],
        "class": "image",
        "filename": "img_05194.jpg"
    },
    {
        "annotations": [
            {
                "class": "rect",
                "height": 220.0,
                "width": 338.0,
                "x": 635.0,
                "y": 130.0
            }
        ],
        "class": "image",
        "filename": "img_05164.jpg"
    },
    {
        "annotations": [
            {
                "class": "rect",
                "height": 174.0,
                "width": 334.0,
                "x": 287.0,
                "y": 169.0
            },
            {
                "class": "rect",
                "height": 177.0,
                "width": 352.0,
                "x": 595.0,
                "y": 89.0
            }
        ],
        "class": "image",
        "filename": "img_05110.jpg"
    },
    {
        "annotations": [
            {
                "class": "rect",
                "height": 225.0,
                "width": 357.0,
                "x": 604.0,
                "y": 121.0
            }
        ],
        "class": "image",
        "filename": "img_05069.jpg"
    },
    {
        "annotations": [
            {
                "class": "rect",
                "height": 181.0,
                "width": 316.0,
                "x": 291.0,
                "y": 166.0
            },
            {
                "class": "rect",
                "height": 171.0,
                "width": 351.0,
                "x": 593.0,
                "y": 93.0
            }
        ],
        "class": "image",
        "filename": "img_05065.jpg"
    },
    {
        "annotations": [
            {
                "class": "rect",
                "height": 141.0,
                "width": 88.0,
                "x": 311.0,
                "y": 59.0
            }
        ],
        "class": "image",
        "filename": "img_04989.jpg"
    },
    {
        "annotations": [
            {
                "class": "rect",
                "height": 185.0,
                "width": 76.0,
                "x": 541.0,
                "y": 336.0
            }
        ],
        "class": "image",
        "filename": "img_04972.jpg"
    },
    {
        "annotations": [
            {
                "class": "rect",
                "height": 174.0,
                "width": 338.0,
                "x": 282.0,
                "y": 169.0
            },
            {
                "class": "rect",
                "height": 174.0,
                "width": 350.0,
                "x": 593.0,
                "y": 89.0
            }
        ],
        "class": "image",
        "filename": "img_04938.jpg"
    },
    {
        "annotations": [
            {
                "class": "rect",
                "height": 216.0,
                "width": 146.0,
                "x": 134.0,
                "y": 193.0
            },
            {
                "class": "rect",
                "height": 119.0,
                "width": 352.0,
                "x": 699.0,
                "y": 60.0
            }
        ],
        "class": "image",
        "filename": "img_04931.jpg"
    },
    {
        "annotations": [
            {
                "class": "rect",
                "height": 124.0,
                "width": 271.0,
                "x": 773.0,
                "y": 109.0
            }
        ],
        "class": "image",
        "filename": "img_04914.jpg"
    },
    {
        "annotations": [
            {
                "class": "rect",
                "height": 86.0,
                "width": 206.0,
                "x": 419.0,
                "y": 428.0
            }
        ],
        "class": "image",
        "filename": "img_04891.jpg"
    },
    {
        "annotations": [
            {
                "class": "rect",
                "height": 90.0,
                "width": 177.0,
                "x": 354.0,
                "y": 395.0
            }
        ],
        "class": "image",
        "filename": "img_04853.jpg"
    },
    {
        "annotations": [
            {
                "class": "rect",
                "height": 199.0,
                "width": 337.0,
                "x": 739.0,
                "y": 112.0
            }
        ],
        "class": "image",
        "filename": "img_04815.jpg"
    },
    {
        "annotations": [
            {
                "class": "rect",
                "height": 167.0,
                "width": 322.0,
                "x": 780.0,
                "y": 169.0
            }
        ],
        "class": "image",
        "filename": "img_04744.jpg"
    },
    {
        "annotations": [
            {
                "class": "rect",
                "height": 190.0,
                "width": 72.0,
                "x": 545.0,
                "y": 335.0
            }
        ],
        "class": "image",
        "filename": "img_04732.jpg"
    },
    {
        "annotations": [
            {
                "class": "rect",
                "height": 470.0,
                "width": 222.0,
                "x": 268.0,
                "y": 303.0
            }
        ],
        "class": "image",
        "filename": "img_04718.jpg"
    },
    {
        "annotations": [
            {
                "class": "rect",
                "height": 232.0,
                "width": 285.0,
                "x": 360.0,
                "y": 411.0
            }
        ],
        "class": "image",
        "filename": "img_04672.jpg"
    },
    {
        "annotations": [
            {
                "class": "rect",
                "height": 179.0,
                "width": 173.0,
                "x": 584.0,
                "y": 463.0
            },
            {
                "class": "rect",
                "height": 103.0,
                "width": 56.0,
                "x": 698.0,
                "y": 362.0
            }
        ],
        "class": "image",
        "filename": "img_04670.jpg"
    },
    {
        "annotations": [
            {
                "class": "rect",
                "height": 191.0,
                "width": 376.0,
                "x": 196.0,
                "y": 218.0
            }
        ],
        "class": "image",
        "filename": "img_04619.jpg"
    },
    {
        "annotations": [
            {
                "class": "rect",
                "height": 165.0,
                "width": 287.0,
                "x": 518.0,
                "y": 256.0
            }
        ],
        "class": "image",
        "filename": "img_04568.jpg"
    },
    {
        "annotations": [
            {
                "class": "rect",
                "height": 119.0,
                "width": 296.0,
                "x": 521.0,
                "y": 144.0
            },
            {
                "class": "rect",
                "height": 247.0,
                "width": 360.0,
                "x": 380.0,
                "y": 311.0
            },
            {
                "class": "rect",
                "height": 237.0,
                "width": 172.0,
                "x": 123.0,
                "y": 306.0
            },
            {
                "class": "rect",
                "height": 78.0,
                "width": 153.0,
                "x": 43.0,
                "y": 119.0
            },
            {
                "class": "rect",
                "height": 218.0,
                "width": 96.0,
                "x": 70.0,
                "y": 155.0
            },
            {
                "class": "rect",
                "height": 152.0,
                "width": 107.0,
                "x": 22.0,
                "y": 179.0
            }
        ],
        "class": "image",
        "filename": "img_04557.jpg"
    },
    {
        "annotations": [
            {
                "class": "rect",
                "height": 82.0,
                "width": 173.0,
                "x": 372.0,
                "y": 388.0
            }
        ],
        "class": "image",
        "filename": "img_04464.jpg"
    },
    {
        "annotations": [
            {
                "class": "rect",
                "height": 171.0,
                "width": 168.0,
                "x": 586.0,
                "y": 467.0
            },
            {
                "class": "rect",
                "height": 95.0,
                "width": 57.0,
                "x": 697.0,
                "y": 370.0
            }
        ],
        "class": "image",
        "filename": "img_04463.jpg"
    },
    {
        "annotations": [
            {
                "class": "rect",
                "height": 306.0,
                "width": 248.0,
                "x": 815.0,
                "y": 255.0
            }
        ],
        "class": "image",
        "filename": "img_04327.jpg"
    },
    {
        "annotations": [
            {
                "class": "rect",
                "height": 173.0,
                "width": 320.0,
                "x": 294.0,
                "y": 169.0
            },
            {
                "class": "rect",
                "height": 176.0,
                "width": 349.0,
                "x": 594.0,
                "y": 89.0
            }
        ],
        "class": "image",
        "filename": "img_04304.jpg"
    },
    {
        "annotations": [
            {
                "class": "rect",
                "height": 478.0,
                "width": 212.0,
                "x": 264.0,
                "y": 279.0
            }
        ],
        "class": "image",
        "filename": "img_04289.jpg"
    },
    {
        "annotations": [
            {
                "class": "rect",
                "height": 130.0,
                "width": 314.0,
                "x": 647.0,
                "y": 655.0
            }
        ],
        "class": "image",
        "filename": "img_04227.jpg"
    },
    {
        "annotations": [
            {
                "class": "rect",
                "height": 268.0,
                "width": 305.0,
                "x": 640.0,
                "y": 519.0
            },
            {
                "class": "rect",
                "height": 109.0,
                "width": 179.0,
                "x": 145.0,
                "y": 237.0
            }
        ],
        "class": "image",
        "filename": "img_04185.jpg"
    },
    {
        "annotations": [
            {
                "class": "rect",
                "height": 191.0,
                "width": 332.0,
                "x": 286.0,
                "y": 163.0
            },
            {
                "class": "rect",
                "height": 173.0,
                "width": 352.0,
                "x": 595.0,
                "y": 91.0
            }
        ],
        "class": "image",
        "filename": "img_04179.jpg"
    },
    {
        "annotations": [
            {
                "class": "rect",
                "height": 194.0,
                "width": 385.0,
                "x": 224.0,
                "y": 219.0
            }
        ],
        "class": "image",
        "filename": "img_04158.jpg"
    },
    {
        "annotations": [
            {
                "class": "rect",
                "height": 189.0,
                "width": 327.0,
                "x": 289.0,
                "y": 165.0
            },
            {
                "class": "rect",
                "height": 175.0,
                "width": 353.0,
                "x": 594.0,
                "y": 87.0
            }
        ],
        "class": "image",
        "filename": "img_04048.jpg"
    },
    {
        "annotations": [
            {
                "class": "rect",
                "height": 85.0,
                "width": 204.0,
                "x": 392.0,
                "y": 439.0
            }
        ],
        "class": "image",
        "filename": "img_04042.jpg"
    },
    {
        "annotations": [
            {
                "class": "rect",
                "height": 187.0,
                "width": 323.0,
                "x": 735.0,
                "y": 126.0
            }
        ],
        "class": "image",
        "filename": "img_04039.jpg"
    },
    {
        "annotations": [
            {
                "class": "rect",
                "height": 147.0,
                "width": 291.0,
                "x": 520.0,
                "y": 268.0
            }
        ],
        "class": "image",
        "filename": "img_04033.jpg"
    },
    {
        "annotations": [
            {
                "class": "rect",
                "height": 225.0,
                "width": 270.0,
                "x": 353.0,
                "y": 408.0
            }
        ],
        "class": "image",
        "filename": "img_04028.jpg"
    },
    {
        "annotations": [
            {
                "class": "rect",
                "height": 206.0,
                "width": 317.0,
                "x": 740.0,
                "y": 111.0
            }
        ],
        "class": "image",
        "filename": "img_04022.jpg"
    },
    {
        "annotations": [
            {
                "class": "rect",
                "height": 162.0,
                "width": 418.0,
                "x": 462.0,
                "y": 175.0
            }
        ],
        "class": "image",
        "filename": "img_03918.jpg"
    },
    {
        "annotations": [
            {
                "class": "rect",
                "height": 209.0,
                "width": 135.0,
                "x": 535.0,
                "y": 396.0
            }
        ],
        "class": "image",
        "filename": "img_03881.jpg"
    },
    {
        "annotations": [
            {
                "class": "rect",
                "height": 116.0,
                "width": 319.0,
                "x": 273.0,
                "y": 297.0
            },
            {
                "class": "rect",
                "height": 120.0,
                "width": 381.0,
                "x": 449.0,
                "y": 195.0
            },
            {
                "class": "rect",
                "height": 100.0,
                "width": 294.0,
                "x": 823.0,
                "y": 302.0
            }
        ],
        "class": "image",
        "filename": "img_03846.jpg"
    },
    {
        "annotations": [
            {
                "class": "rect",
                "height": 264.0,
                "width": 311.0,
                "x": 634.0,
                "y": 521.0
            },
            {
                "class": "rect",
                "height": 113.0,
                "width": 181.0,
                "x": 143.0,
                "y": 235.0
            }
        ],
        "class": "image",
        "filename": "img_03833.jpg"
    },
    {
        "annotations": [
            {
                "class": "rect",
                "height": 214.0,
                "width": 302.0,
                "x": 394.0,
                "y": 435.0
            }
        ],
        "class": "image",
        "filename": "img_03817.jpg"
    },
    {
        "annotations": [
            {
                "class": "rect",
                "height": 89.0,
                "width": 196.0,
                "x": 888.0,
                "y": 124.0
            }
        ],
        "class": "image",
        "filename": "img_03813.jpg"
    },
    {
        "annotations": [
            {
                "class": "rect",
                "height": 305.0,
                "width": 223.0,
                "x": 818.0,
                "y": 259.0
            }
        ],
        "class": "image",
        "filename": "img_03759.jpg"
    },
    {
        "annotations": [
            {
                "class": "rect",
                "height": 190.0,
                "width": 71.0,
                "x": 545.0,
                "y": 333.0
            }
        ],
        "class": "image",
        "filename": "img_03723.jpg"
    },
    {
        "annotations": [
            {
                "class": "rect",
                "height": 206.0,
                "width": 364.0,
                "x": 656.0,
                "y": 152.0
            }
        ],
        "class": "image",
        "filename": "img_03708.jpg"
    },
    {
        "annotations": [
            {
                "class": "rect",
                "height": 84.0,
                "width": 169.0,
                "x": 379.0,
                "y": 384.0
            }
        ],
        "class": "image",
        "filename": "img_03647.jpg"
    },
    {
        "annotations": [
            {
                "class": "rect",
                "height": 204.0,
                "width": 112.0,
                "x": 536.0,
                "y": 397.0
            }
        ],
        "class": "image",
        "filename": "img_03565.jpg"
    },
    {
        "annotations": [
            {
                "class": "rect",
                "height": 188.0,
                "width": 78.0,
                "x": 540.0,
                "y": 334.0
            }
        ],
        "class": "image",
        "filename": "img_03453.jpg"
    },
    {
        "annotations": [
            {
                "class": "rect",
                "height": 188.0,
                "width": 77.0,
                "x": 541.0,
                "y": 336.0
            }
        ],
        "class": "image",
        "filename": "img_03371.jpg"
    },
    {
        "annotations": [
            {
                "class": "rect",
                "height": 146.0,
                "width": 368.0,
                "x": 672.0,
                "y": 177.0
            }
        ],
        "class": "image",
        "filename": "img_03366.jpg"
    },
    {
        "annotations": [
            {
                "class": "rect",
                "height": 191.0,
                "width": 460.0,
                "x": 382.0,
                "y": 218.0
            }
        ],
        "class": "image",
        "filename": "img_03347.jpg"
    },
    {
        "annotations": [
            {
                "class": "rect",
                "height": 289.0,
                "width": 490.0,
                "x": 553.0,
                "y": 460.0
            }
        ],
        "class": "image",
        "filename": "img_03315.jpg"
    },
    {
        "annotations": [
            {
                "class": "rect",
                "height": 173.0,
                "width": 168.0,
                "x": 587.0,
                "y": 466.0
            },
            {
                "class": "rect",
                "height": 102.0,
                "width": 63.0,
                "x": 694.0,
                "y": 359.0
            }
        ],
        "class": "image",
        "filename": "img_03287.jpg"
    },
    {
        "annotations": [
            {
                "class": "rect",
                "height": 182.0,
                "width": 443.0,
                "x": 273.0,
                "y": 237.0
            }
        ],
        "class": "image",
        "filename": "img_03184.jpg"
    },
    {
        "annotations": [
            {
                "class": "rect",
                "height": 152.0,
                "width": 293.0,
                "x": 516.0,
                "y": 265.0
            }
        ],
        "class": "image",
        "filename": "img_03051.jpg"
    },
    {
        "annotations": [
            {
                "class": "rect",
                "height": 179.0,
                "width": 412.0,
                "x": 582.0,
                "y": 343.0
            }
        ],
        "class": "image",
        "filename": "img_02981.jpg"
    },
    {
        "annotations": [
            {
                "class": "rect",
                "height": 216.0,
                "width": 149.0,
                "x": 135.0,
                "y": 196.0
            },
            {
                "class": "rect",
                "height": 180.0,
                "width": 330.0,
                "x": 684.0,
                "y": 31.0
            }
        ],
        "class": "image",
        "filename": "img_02969.jpg"
    },
    {
        "annotations": [
            {
                "class": "rect",
                "height": 190.0,
                "width": 323.0,
                "x": 295.0,
                "y": 165.0
            },
            {
                "class": "rect",
                "height": 176.0,
                "width": 351.0,
                "x": 596.0,
                "y": 91.0
            }
        ],
        "class": "image",
        "filename": "img_02967.jpg"
    },
    {
        "annotations": [
            {
                "class": "rect",
                "height": 191.0,
                "width": 313.0,
                "x": 300.0,
                "y": 167.0
            },
            {
                "class": "rect",
                "height": 171.0,
                "width": 349.0,
                "x": 595.0,
                "y": 94.0
            }
        ],
        "class": "image",
        "filename": "img_02840.jpg"
    },
    {
        "annotations": [
            {
                "class": "rect",
                "height": 304.0,
                "width": 268.0,
                "x": 817.0,
                "y": 256.0
            }
        ],
        "class": "image",
        "filename": "img_02818.jpg"
    },
    {
        "annotations": [
            {
                "class": "rect",
                "height": 459.0,
                "width": 205.0,
                "x": 227.0,
                "y": 223.0
            }
        ],
        "class": "image",
        "filename": "img_02757.jpg"
    },
    {
        "annotations": [
            {
                "class": "rect",
                "height": 141.0,
                "width": 250.0,
                "x": 331.0,
                "y": 215.0
            },
            {
                "class": "rect",
                "height": 173.0,
                "width": 383.0,
                "x": 466.0,
                "y": 176.0
            },
            {
                "class": "rect",
                "height": 113.0,
                "width": 294.0,
                "x": 826.0,
                "y": 299.0
            }
        ],
        "class": "image",
        "filename": "img_02742.jpg"
    },
    {
        "annotations": [
            {
                "class": "rect",
                "height": 191.0,
                "width": 470.0,
                "x": 529.0,
                "y": 181.0
            }
        ],
        "class": "image",
        "filename": "img_02736.jpg"
    },
    {
        "annotations": [
            {
                "class": "rect",
                "height": 153.0,
                "width": 396.0,
                "x": 559.0,
                "y": 192.0
            }
        ],
        "class": "image",
        "filename": "img_02696.jpg"
    },
    {
        "annotations": [
            {
                "class": "rect",
                "height": 89.0,
                "width": 192.0,
                "x": 328.0,
                "y": 414.0
            }
        ],
        "class": "image",
        "filename": "img_02647.jpg"
    },
    {
        "annotations": [
            {
                "class": "rect",
                "height": 182.0,
                "width": 116.0,
                "x": 199.0,
                "y": 266.0
            }
        ],
        "class": "image",
        "filename": "img_02554.jpg"
    },
    {
        "annotations": [
            {
                "class": "rect",
                "height": 148.0,
                "width": 289.0,
                "x": 520.0,
                "y": 264.0
            }
        ],
        "class": "image",
        "filename": "img_02553.jpg"
    },
    {
        "annotations": [
            {
                "class": "rect",
                "height": 106.0,
                "width": 308.0,
                "x": 516.0,
                "y": 168.0
            },
            {
                "class": "rect",
                "height": 244.0,
                "width": 354.0,
                "x": 382.0,
                "y": 312.0
            },
            {
                "class": "rect",
                "height": 228.0,
                "width": 159.0,
                "x": 132.0,
                "y": 307.0
            },
            {
                "class": "rect",
                "height": 204.0,
                "width": 83.0,
                "x": 74.0,
                "y": 171.0
            },
            {
                "class": "rect",
                "height": 74.0,
                "width": 155.0,
                "x": 40.0,
                "y": 123.0
            },
            {
                "class": "rect",
                "height": 197.0,
                "width": 136.0,
                "x": 23.0,
                "y": 134.0
            }
        ],
        "class": "image",
        "filename": "img_02498.jpg"
    },
    {
        "annotations": [
            {
                "class": "rect",
                "height": 243.0,
                "width": 376.0,
                "x": 372.0,
                "y": 309.0
            },
            {
                "class": "rect",
                "height": 118.0,
                "width": 348.0,
                "x": 517.0,
                "y": 131.0
            },
            {
                "class": "rect",
                "height": 230.0,
                "width": 168.0,
                "x": 127.0,
                "y": 305.0
            },
            {
                "class": "rect",
                "height": 181.0,
                "width": 99.0,
                "x": 70.0,
                "y": 172.0
            },
            {
                "class": "rect",
                "height": 148.0,
                "width": 132.0,
                "x": 30.0,
                "y": 166.0
            },
            {
                "class": "rect",
                "height": 74.0,
                "width": 155.0,
                "x": 42.0,
                "y": 125.0
            }
        ],
        "class": "image",
        "filename": "img_02358.jpg"
    },
    {
        "annotations": [
            {
                "class": "rect",
                "height": 201.0,
                "width": 407.0,
                "x": 237.0,
                "y": 218.0
            }
        ],
        "class": "image",
        "filename": "img_02343.jpg"
    },
    {
        "annotations": [
            {
                "class": "rect",
                "height": 177.0,
                "width": 328.0,
                "x": 286.0,
                "y": 165.0
            },
            {
                "class": "rect",
                "height": 180.0,
                "width": 351.0,
                "x": 592.0,
                "y": 88.0
            }
        ],
        "class": "image",
        "filename": "img_02206.jpg"
    },
    {
        "annotations": [
            {
                "class": "rect",
                "height": 236.0,
                "width": 524.0,
                "x": 498.0,
                "y": 27.0
            }
        ],
        "class": "image",
        "filename": "img_02196.jpg"
    },
    {
        "annotations": [
            {
                "class": "rect",
                "height": 366.0,
                "width": 172.0,
                "x": 293.0,
                "y": 395.0
            }
        ],
        "class": "image",
        "filename": "img_02195.jpg"
    },
    {
        "annotations": [
            {
                "class": "rect",
                "height": 207.0,
                "width": 114.0,
                "x": 532.0,
                "y": 397.0
            }
        ],
        "class": "image",
        "filename": "img_02168.jpg"
    },
    {
        "annotations": [
            {
                "class": "rect",
                "height": 239.0,
                "width": 179.0,
                "x": 122.0,
                "y": 304.0
            },
            {
                "class": "rect",
                "height": 100.0,
                "width": 309.0,
                "x": 510.0,
                "y": 168.0
            },
            {
                "class": "rect",
                "height": 264.0,
                "width": 352.0,
                "x": 381.0,
                "y": 306.0
            },
            {
                "class": "rect",
                "height": 214.0,
                "width": 90.0,
                "x": 69.0,
                "y": 155.0
            },
            {
                "class": "rect",
                "height": 69.0,
                "width": 151.0,
                "x": 41.0,
                "y": 129.0
            },
            {
                "class": "rect",
                "height": 172.0,
                "width": 126.0,
                "x": 29.0,
                "y": 159.0
            }
        ],
        "class": "image",
        "filename": "img_02139.jpg"
    },
    {
        "annotations": [
            {
                "class": "rect",
                "height": 182.00000000000017,
                "width": 174.0000000000001,
                "x": 591.0000000000006,
                "y": 461.0000000000004
            }
        ],
        "class": "image",
        "filename": "img_02138.jpg"
    },
    {
        "annotations": [
            {
                "class": "rect",
                "height": 79.00000000000011,
                "width": 199.00000000000017,
                "x": 273.0000000000002,
                "y": 412.00000000000034
            }
        ],
        "class": "image",
        "filename": "img_02128.jpg"
    },
    {
        "annotations": [
            {
                "class": "rect",
                "height": 285.0000000000002,
                "width": 207.00000000000023,
                "x": 791.0000000000007,
                "y": 120.00000000000011
            }
        ],
        "class": "image",
        "filename": "img_02115.jpg"
    },
    {
        "annotations": [
            {
                "class": "rect",
                "height": 189.0000000000002,
                "width": 441.00000000000034,
                "x": 256.0000000000002,
                "y": 229.0000000000002
            }
        ],
        "class": "image",
        "filename": "img_02103.jpg"
    },
    {
        "annotations": [
            {
                "class": "rect",
                "height": 237.00000000000017,
                "width": 180.00000000000017,
                "x": 115.0000000000001,
                "y": 305.0000000000003
            },
            {
                "class": "rect",
                "height": 269.00000000000017,
                "width": 353.00000000000034,
                "x": 380.00000000000034,
                "y": 307.0000000000003
            },
            {
                "class": "rect",
                "height": 88.00000000000009,
                "width": 344.00000000000034,
                "x": 512.0000000000005,
                "y": 168.00000000000014
            },
            {
                "class": "rect",
                "height": 112.0000000000001,
                "width": 372.0000000000004,
                "x": 478.0000000000004,
                "y": 87.00000000000007
            },
            {
                "class": "rect",
                "height": 201.0000000000002,
                "width": 90.00000000000009,
                "x": 66.00000000000006,
                "y": 172.00000000000014
            },
            {
                "class": "rect",
                "height": 165.00000000000017,
                "width": 124.00000000000011,
                "x": 39.000000000000036,
                "y": 141.0000000000001
            },
            {
                "class": "rect",
                "height": 79.00000000000007,
                "width": 154.00000000000014,
                "x": 42.000000000000036,
                "y": 115.0000000000001
            }
        ],
        "class": "image",
        "filename": "img_02097.jpg"
    },
    {
        "annotations": [
            {
                "class": "rect",
                "height": 184.00000000000017,
                "width": 74.00000000000011,
                "x": 546.0000000000005,
                "y": 334.0000000000003
            }
        ],
        "class": "image",
        "filename": "img_02016.jpg"
    },
    {
        "annotations": [
            {
                "class": "rect",
                "height": 161.00000000000014,
                "width": 351.00000000000034,
                "x": 635.0000000000006,
                "y": 93.00000000000009
            }
        ],
        "class": "image",
        "filename": "img_02007.jpg"
    },
    {
        "annotations": [
            {
                "class": "rect",
                "height": 208.00000000000023,
                "width": 136.0000000000001,
                "x": 532.0000000000005,
                "y": 393.00000000000034
            }
        ],
        "class": "image",
        "filename": "img_01943.jpg"
    },
    {
        "annotations": [
            {
                "class": "rect",
                "height": 297.0000000000002,
                "width": 223.00000000000023,
                "x": 816.0000000000007,
                "y": 264.0000000000002
            }
        ],
        "class": "image",
        "filename": "img_01933.jpg"
    },
    {
        "annotations": [
            {
                "class": "rect",
                "height": 176.00000000000017,
                "width": 479.00000000000045,
                "x": 502.00000000000045,
                "y": 250.00000000000023
            }
        ],
        "class": "image",
        "filename": "img_01915.jpg"
    },
    {
        "annotations": [
            {
                "class": "rect",
                "height": 240.00000000000017,
                "width": 179.00000000000017,
                "x": 122.00000000000011,
                "y": 298.0000000000003
            },
            {
                "class": "rect",
                "height": 259.00000000000017,
                "width": 358.00000000000034,
                "x": 381.00000000000034,
                "y": 308.0000000000003
            },
            {
                "class": "rect",
                "height": 98.00000000000009,
                "width": 306.0000000000002,
                "x": 521.0000000000005,
                "y": 171.00000000000014
            },
            {
                "class": "rect",
                "height": 88.00000000000007,
                "width": 366.0000000000003,
                "x": 452.0000000000004,
                "y": 83.00000000000007
            },
            {
                "class": "rect",
                "height": 222.0000000000002,
                "width": 85.00000000000009,
                "x": 63.00000000000006,
                "y": 162.00000000000014
            },
            {
                "class": "rect",
                "height": 184.00000000000017,
                "width": 129.0000000000001,
                "x": 30.00000000000003,
                "y": 137.0000000000001
            },
            {
                "class": "rect",
                "height": 67.00000000000006,
                "width": 147.0000000000001,
                "x": 45.00000000000004,
                "y": 131.0000000000001
            }
        ],
        "class": "image",
        "filename": "img_01912.jpg"
    },
    {
        "annotations": [
            {
                "class": "rect",
                "height": 166.00000000000017,
                "width": 411.00000000000034,
                "x": 103.00000000000009,
                "y": 339.0000000000003
            }
        ],
        "class": "image",
        "filename": "img_01905.jpg"
    },
    {
        "annotations": [
            {
                "class": "rect",
                "height": 292.0000000000002,
                "width": 198.00000000000023,
                "x": 818.0000000000007,
                "y": 269.0000000000002
            }
        ],
        "class": "image",
        "filename": "img_01725.jpg"
    },
    {
        "annotations": [
            {
                "class": "rect",
                "height": 260.0000000000002,
                "width": 298.0000000000002,
                "x": 639.0000000000006,
                "y": 525.0000000000005
            },
            {
                "class": "rect",
                "height": 105.00000000000009,
                "width": 165.00000000000014,
                "x": 150.00000000000014,
                "y": 238.0000000000002
            }
        ],
        "class": "image",
        "filename": "img_01707.jpg"
    },
    {
        "annotations": [
            {
                "class": "rect",
                "height": 166.00000000000014,
                "width": 328.0000000000002,
                "x": 781.0000000000007,
                "y": 172.00000000000014
            }
        ],
        "class": "image",
        "filename": "img_01696.jpg"
    },
    {
        "annotations": [
            {
                "class": "rect",
                "height": 188.00000000000017,
                "width": 103.00000000000011,
                "x": 192.00000000000017,
                "y": 284.0000000000002
            }
        ],
        "class": "image",
        "filename": "img_01668.jpg"
    },
    {
        "annotations": [
            {
                "class": "rect",
                "height": 189.00000000000017,
                "width": 239.00000000000023,
                "x": 536.0000000000005,
                "y": 474.0000000000004
            }
        ],
        "class": "image",
        "filename": "img_01481.jpg"
    },
    {
        "annotations": [
            {
                "class": "rect",
                "height": 94.00000000000006,
                "width": 176.0000000000001,
                "x": 371.00000000000034,
                "y": 384.00000000000034
            }
        ],
        "class": "image",
        "filename": "img_01477.jpg"
    },
    {
        "annotations": [
            {
                "class": "rect",
                "height": 264.0000000000002,
                "width": 304.0000000000002,
                "x": 637.0000000000006,
                "y": 519.0000000000005
            },
            {
                "class": "rect",
                "height": 110.00000000000009,
                "width": 170.00000000000014,
                "x": 151.00000000000014,
                "y": 234.0000000000002
            }
        ],
        "class": "image",
        "filename": "img_01450.jpg"
    },
    {
        "annotations": [
            {
                "class": "rect",
                "height": 432.0000000000004,
                "width": 162.00000000000017,
                "x": 327.0000000000003,
                "y": 349.0000000000003
            }
        ],
        "class": "image",
        "filename": "img_01440.jpg"
    },
    {
        "annotations": [
            {
                "class": "rect",
                "height": 220.00000000000017,
                "width": 153.0000000000001,
                "x": 131.0000000000001,
                "y": 190.00000000000017
            },
            {
                "class": "rect",
                "height": 111.00000000000011,
                "width": 332.0000000000002,
                "x": 733.0000000000007,
                "y": 102.00000000000009
            }
        ],
        "class": "image",
        "filename": "img_01351.jpg"
    },
    {
        "annotations": [
            {
                "class": "rect",
                "height": 310.0000000000002,
                "width": 267.0000000000002,
                "x": 817.0000000000007,
                "y": 244.00000000000023
            }
        ],
        "class": "image",
        "filename": "img_01350.jpg"
    },
    {
        "annotations": [
            {
                "class": "rect",
                "height": 445.0000000000004,
                "width": 171.00000000000014,
                "x": 228.0000000000002,
                "y": 188.00000000000017
            }
        ],
        "class": "image",
        "filename": "img_01343.jpg"
    },
    {
        "annotations": [
            {
                "class": "rect",
                "height": 209.00000000000017,
                "width": 411.00000000000034,
                "x": 215.0000000000002,
                "y": 343.0000000000003
            }
        ],
        "class": "image",
        "filename": "img_01299.jpg"
    },
    {
        "annotations": [
            {
                "class": "rect",
                "height": 91.00000000000011,
                "width": 167.0000000000001,
                "x": 358.00000000000034,
                "y": 402.00000000000034
            }
        ],
        "class": "image",
        "filename": "img_01264.jpg"
    },
    {
        "annotations": [
            {
                "class": "rect",
                "height": 193.0000000000002,
                "width": 325.0000000000003,
                "x": 291.0000000000003,
                "y": 167.00000000000014
            },
            {
                "class": "rect",
                "height": 172.00000000000014,
                "width": 347.0000000000002,
                "x": 596.0000000000006,
                "y": 90.00000000000009
            }
        ],
        "class": "image",
        "filename": "img_01234.jpg"
    },
    {
        "annotations": [
            {
                "class": "rect",
                "height": 184.00000000000014,
                "width": 331.0000000000003,
                "x": 291.0000000000003,
                "y": 166.00000000000014
            },
            {
                "class": "rect",
                "height": 177.00000000000014,
                "width": 350.0000000000002,
                "x": 594.0000000000006,
                "y": 89.00000000000009
            }
        ],
        "class": "image",
        "filename": "img_01218.jpg"
    },
    {
        "annotations": [
            {
                "class": "rect",
                "height": 97.00000000000009,
                "width": 259.0000000000002,
                "x": 801.0000000000007,
                "y": 104.00000000000009
            }
        ],
        "class": "image",
        "filename": "img_01215.jpg"
    },
    {
        "annotations": [
            {
                "class": "rect",
                "height": 238.00000000000017,
                "width": 158.0000000000001,
                "x": 130.0000000000001,
                "y": 301.0000000000003
            },
            {
                "class": "rect",
                "height": 240.00000000000017,
                "width": 320.00000000000034,
                "x": 390.00000000000034,
                "y": 310.0000000000003
            },
            {
                "class": "rect",
                "height": 77.00000000000006,
                "width": 349.00000000000034,
                "x": 514.0000000000005,
                "y": 181.00000000000017
            },
            {
                "class": "rect",
                "height": 84.00000000000009,
                "width": 242.00000000000023,
                "x": 747.0000000000007,
                "y": 101.00000000000009
            },
            {
                "class": "rect",
                "height": 75.00000000000006,
                "width": 145.0000000000001,
                "x": 45.00000000000004,
                "y": 126.00000000000011
            },
            {
                "class": "rect",
                "height": 157.00000000000014,
                "width": 126.00000000000011,
                "x": 35.00000000000003,
                "y": 152.00000000000014
            },
            {
                "class": "rect",
                "height": 230.0000000000002,
                "width": 84.00000000000007,
                "x": 74.00000000000007,
                "y": 158.00000000000014
            }
        ],
        "class": "image",
        "filename": "img_01194.jpg"
    },
    {
        "annotations": [
            {
                "class": "rect",
                "height": 378.00000000000034,
                "width": 237.00000000000023,
                "x": 258.0000000000002,
                "y": 404.00000000000034
            }
        ],
        "class": "image",
        "filename": "img_01166.jpg"
    },
    {
        "annotations": [
            {
                "class": "rect",
                "height": 275.0000000000002,
                "width": 177.00000000000023,
                "x": 574.0000000000005,
                "y": 1.0
            }
        ],
        "class": "image",
        "filename": "img_01118.jpg"
    },
    {
        "annotations": [
            {
                "class": "rect",
                "height": 453.00000000000034,
                "width": 197.00000000000014,
                "x": 212.0000000000002,
                "y": 227.00000000000023
            }
        ],
        "class": "image",
        "filename": "img_01003.jpg"
    },
    {
        "annotations": [
            {
                "class": "rect",
                "height": 216.00000000000017,
                "width": 143.0000000000001,
                "x": 138.0000000000001,
                "y": 195.00000000000017
            },
            {
                "class": "rect",
                "height": 163.00000000000014,
                "width": 338.00000000000034,
                "x": 664.0000000000006,
                "y": 93.00000000000009
            }
        ],
        "class": "image",
        "filename": "img_01002.jpg"
    },
    {
        "annotations": [
            {
                "class": "rect",
                "height": 417.00000000000034,
                "width": 167.00000000000014,
                "x": 217.0000000000002,
                "y": 262.0000000000002
            }
        ],
        "class": "image",
        "filename": "img_00923.jpg"
    },
    {
        "annotations": [
            {
                "class": "rect",
                "height": 187.0000000000002,
                "width": 120.00000000000011,
                "x": 203.00000000000017,
                "y": 238.0000000000002
            }
        ],
        "class": "image",
        "filename": "img_00888.jpg"
    },
    {
        "annotations": [
            {
                "class": "rect",
                "height": 84.00000000000011,
                "width": 198.00000000000017,
                "x": 245.00000000000023,
                "y": 401.00000000000034
            }
        ],
        "class": "image",
        "filename": "img_00883.jpg"
    },
    {
        "annotations": [
            {
                "class": "rect",
                "height": 408.00000000000034,
                "width": 168.00000000000017,
                "x": 322.0000000000003,
                "y": 375.00000000000034
            }
        ],
        "class": "image",
        "filename": "img_00774.jpg"
    },
    {
        "annotations": [
            {
                "class": "rect",
                "height": 156.0000000000001,
                "width": 140.0000000000001,
                "x": 245.00000000000023,
                "y": 129.0000000000001
            }
        ],
        "class": "image",
        "filename": "img_00771.jpg"
    },
    {
        "annotations": [
            {
                "class": "rect",
                "height": 370.00000000000034,
                "width": 190.00000000000017,
                "x": 297.0000000000003,
                "y": 389.00000000000034
            }
        ],
        "class": "image",
        "filename": "img_00732.jpg"
    },
    {
        "annotations": [
            {
                "class": "rect",
                "height": 220.00000000000017,
                "width": 149.0000000000001,
                "x": 135.0000000000001,
                "y": 193.00000000000017
            },
            {
                "class": "rect",
                "height": 128.0000000000001,
                "width": 296.0000000000001,
                "x": 850.0000000000008,
                "y": 114.00000000000011
            }
        ],
        "class": "image",
        "filename": "img_00630.jpg"
    },
    {
        "annotations": [
            {
                "class": "rect",
                "height": 214.00000000000023,
                "width": 342.0000000000002,
                "x": 361.00000000000034,
                "y": 573.0000000000005
            }
        ],
        "class": "image",
        "filename": "img_00601.jpg"
    },
    {
        "annotations": [
            {
                "class": "rect",
                "height": 423.00000000000034,
                "width": 169.00000000000014,
                "x": 216.0000000000002,
                "y": 247.00000000000023
            }
        ],
        "class": "image",
        "filename": "img_00583.jpg"
    },
    {
        "annotations": [
            {
                "class": "rect",
                "height": 268.0000000000002,
                "width": 289.0000000000002,
                "x": 181.00000000000017,
                "y": 223.00000000000023
            },
            {
                "class": "rect",
                "height": 62.00000000000004,
                "width": 167.0000000000001,
                "x": 881.0000000000008,
                "y": 105.0000000000001
            }
        ],
        "class": "image",
        "filename": "img_00542.jpg"
    },
    {
        "annotations": [
            {
                "class": "rect",
                "height": 179.00000000000017,
                "width": 375.0000000000002,
                "x": 740.0000000000007,
                "y": 125.00000000000011
            }
        ],
        "class": "image",
        "filename": "img_00537.jpg"
    },
    {
        "annotations": [
            {
                "class": "rect",
                "height": 262.0000000000002,
                "width": 300.0000000000002,
                "x": 642.0000000000006,
                "y": 522.0000000000005
            },
            {
                "class": "rect",
                "height": 105.00000000000009,
                "width": 176.00000000000014,
                "x": 148.00000000000014,
                "y": 238.0000000000002
            }
        ],
        "class": "image",
        "filename": "img_00531.jpg"
    },
    {
        "annotations": [
            {
                "class": "rect",
                "height": 189.00000000000017,
                "width": 320.0000000000002,
                "x": 735.0000000000007,
                "y": 129.0000000000001
            }
        ],
        "class": "image",
        "filename": "img_00491.jpg"
    },
    {
        "annotations": [
            {
                "class": "rect",
                "height": 231.00000000000017,
                "width": 168.00000000000017,
                "x": 125.00000000000011,
                "y": 313.0000000000003
            },
            {
                "class": "rect",
                "height": 118.00000000000011,
                "width": 306.0000000000002,
                "x": 515.0000000000005,
                "y": 139.0000000000001
            },
            {
                "class": "rect",
                "height": 185.00000000000017,
                "width": 366.00000000000034,
                "x": 381.00000000000034,
                "y": 310.0000000000003
            },
            {
                "class": "rect",
                "height": 199.0000000000002,
                "width": 106.00000000000011,
                "x": 71.00000000000006,
                "y": 167.00000000000014
            },
            {
                "class": "rect",
                "height": 158.00000000000014,
                "width": 126.00000000000011,
                "x": 32.00000000000003,
                "y": 170.00000000000014
            },
            {
                "class": "rect",
                "height": 74.00000000000006,
                "width": 134.00000000000014,
                "x": 43.000000000000036,
                "y": 128.0000000000001
            }
        ],
        "class": "image",
        "filename": "img_00443.jpg"
    },
    {
        "annotations": [
            {
                "class": "rect",
                "height": 245.00000000000023,
                "width": 326.0000000000002,
                "x": 585.0000000000006,
                "y": 499.00000000000045
            },
            {
                "class": "rect",
                "height": 61.0,
                "width": 112.00000000000011,
                "x": 144.0000000000001,
                "y": 289.0000000000003
            }
        ],
        "class": "image",
        "filename": "img_00441.jpg"
    },
    {
        "annotations": [
            {
                "class": "rect",
                "height": 161.0000000000001,
                "width": 255.00000000000017,
                "x": 312.0000000000003,
                "y": 251.00000000000023
            },
            {
                "class": "rect",
                "height": 120.00000000000011,
                "width": 386.0000000000004,
                "x": 451.0000000000004,
                "y": 191.00000000000017
            },
            {
                "class": "rect",
                "height": 109.00000000000006,
                "width": 296.0000000000002,
                "x": 826.0000000000007,
                "y": 303.0000000000003
            }
        ],
        "class": "image",
        "filename": "img_00435.jpg"
    },
    {
        "annotations": [],
        "class": "image",
        "filename": "img_00379.jpg"
    },
    {
        "annotations": [
            {
                "class": "rect",
                "height": 176.59574468085134,
                "width": 345.3900709219863,
                "x": 595.7446808510648,
                "y": 90.07092198581574
            },
            {
                "class": "rect",
                "height": 183.68794326241164,
                "width": 309.2198581560288,
                "x": 287.23404255319195,
                "y": 168.085106382979
            }
        ],
        "class": "image",
        "filename": "img_00363.jpg"
    },
    {
        "annotations": [
            {
                "class": "rect",
                "height": 144.68085106383,
                "width": 108.5106382978725,
                "x": 297.8723404255324,
                "y": 77.30496453900722
            }
        ],
        "class": "image",
        "filename": "img_00329.jpg"
    },
    {
        "annotations": [
            {
                "class": "rect",
                "height": 169.20000000000027,
                "width": 198.81000000000037,
                "x": 2.820000000000005,
                "y": 304.56000000000057
            }
        ],
        "class": "image",
        "filename": "img_00321.jpg"
    },
    {
        "annotations": [
            {
                "class": "rect",
                "height": 181.89000000000033,
                "width": 431.46000000000083,
                "x": 513.2400000000009,
                "y": 172.02000000000032
            }
        ],
        "class": "image",
        "filename": "img_00259.jpg"
    },
    {
        "annotations": [
            {
                "class": "rect",
                "height": 437.10000000000076,
                "width": 246.75000000000045,
                "x": 298.9200000000005,
                "y": 387.75000000000074
            }
        ],
        "class": "image",
        "filename": "img_00231.jpg"
    },
    {
        "annotations": [
            {
                "class": "rect",
                "height": 187.53000000000034,
                "width": 301.7400000000005,
                "x": 294.69000000000057,
                "y": 162.1500000000003
            },
            {
                "class": "rect",
                "height": 180.48000000000036,
                "width": 351.0900000000006,
                "x": 599.2500000000011,
                "y": 88.83000000000015
            }
        ],
        "class": "image",
        "filename": "img_00225.jpg"
    },
    {
        "annotations": [
            {
                "class": "rect",
                "height": 218.5500000000004,
                "width": 145.23000000000027,
                "x": 138.18000000000026,
                "y": 193.17000000000036
            },
            {
                "class": "rect",
                "height": 187.53000000000034,
                "width": 346.8600000000006,
                "x": 637.3200000000012,
                "y": 53.5800000000001
            }
        ],
        "class": "image",
        "filename": "img_00158.jpg"
    },
    {
        "annotations": [
            {
                "class": "rect",
                "height": 304.5600000000006,
                "width": 280.5900000000006,
                "x": 812.1600000000014,
                "y": 248.16000000000042
            }
        ],
        "class": "image",
        "filename": "img_00107.jpg"
    }
]
